doc_no,sentence_no,word,tag
2803,0,Her,DET
2803,0,baş,NOUN
2803,0,ağrısı,NOUN
2803,0,sinüzit,NOUN
2803,0,her,DET
2803,0,burun,VERB
2803,0,akıntısı,NOUN
2803,0,grip,NOUN
2803,0,değildir,NOUN
2803,0,.,.
2803,1,Recep,NOUN
2803,1,Tayyip,NOUN
2803,1,Erdoğan,NOUN
2803,1,Üniversitesi,NOUN
2803,1,Tıp,NOUN
2803,1,Fakültesi,NOUN
2803,1,Kulak,NOUN
2803,1,Burun,NOUN
2803,1,Boğaz,NOUN
2803,1,Hastalıkları,NOUN
2803,1,Anabilim,NOUN
2803,1,Dalı,NOUN
2803,1,Başkanı,NOUN
2803,1,Prof,NOUN
2803,1,.,.
2803,1,Dr.,NOUN
2803,1,.,.
2803,1,Engin,NOUN
2803,1,Dursun,NOUN
2803,1,Karadeniz,NOUN
2803,1,Bölgesi'nde,NOUN
2803,1,alerjik,ADJ
2803,1,burun,VERB
2803,1,rahatsızlıklarının,NOUN
2803,1,çok,ADJ
2803,1,yaygın,ADJ
2803,1,olduğunu,ADJ
2803,1,belirterek,ADV
2803,1,Hastalar,NOUN
2803,1,benim,PRON
2803,1,uzun,ADJ
2803,1,zamandır,NOUN
2803,1,burun,NOUN
2803,1,akıntım,NOUN
2803,1,var.,VERB
2803,1,.,.
2803,4,Çok,ADJ
2803,4,uzun,ADJ
2803,4,yıllardan,NOUN
2803,4,beri,ADV
2803,4,sinüzitim,NOUN
2803,4,var,VERB
2803,4,diye,ADP
2803,4,geliyor.,VERB
2803,4,.,.
2803,6,Ayrıntılı,NOUN
2803,6,olarak,ADP
2803,6,değerlendirdiğimizde,VERB
2803,6,aslında,NOUN
2803,6,hastaların,NOUN
2803,6,büyük,ADJ
2803,6,çoğunluğunun,NOUN
2803,6,şikayetlerinin,NOUN
2803,6,alerjiye,NOUN
2803,6,bağlı,ADJ
2803,6,olduğunu,VERB
2803,6,görüyoruz,VERB
2803,6,dedi,VERB
2803,6,.,.
2803,7,Dursun,NOUN
2803,7,Anadolu,NOUN
2803,7,Ajansı,NOUN
2803,7,muhabirine,NOUN
2803,7,yaptığı,ADJ
2803,7,açıklamada,NOUN
2803,7,bölgenin,NOUN
2803,7,özellikleri,NOUN
2803,7,nedeniyle,ADV
2803,7,bu,DET
2803,7,mevsimlerde,NOUN
2803,7,alerjik,ADJ
2803,7,hastaların,NOUN
2803,7,yakınmalarının,NOUN
2803,7,arttığını,ADJ
2803,7,belirtti.,VERB
2803,8,Baş,NOUN
2803,8,ağrısı,NOUN
2803,8,şikayeti,NOUN
2803,8,ile,ADP
2803,8,gelen,ADJ
2803,8,hastaların,NOUN
2803,8,bu,DET
2803,8,mevsimde,NOUN
2803,8,çok,ADJ
2803,8,fazla,ADJ
2803,8,olduğunu,ADJ
2803,8,ifade,NOUN
2803,8,eden,ADJ
2803,8,Dursun,NOUN
2803,8,Hastalar,NOUN
2803,8,sinüzit,NOUN
2803,8,oldukları,ADJ
2803,8,düşüncesi,NOUN
2803,8,ile,CONJ
2803,8,geliyor.,VERB
2803,9,Baş,NOUN
2803,9,ağrısının,NOUN
2803,9,nedenlerini,NOUN
2803,9,alt,ADJ
2803,9,alta,PRT
2803,9,yazdığınız,ADJ
2803,9,zaman,NOUN
2803,9,sinüzite,NOUN
2803,9,bağlı,ADJ
2803,9,baş,NOUN
2803,9,ağrısı,NOUN
2803,9,nedenlerden,NOUN
2803,9,sadece,ADV
2803,9,biri.,NOUN
2803,10,Hastanın,NOUN
2803,10,stresli,NOUN
2803,10,durumu,NOUN
2803,10,günlük,NOUN
2803,10,yaşam,NOUN
2803,10,şartları,NOUN
2803,10,veya,CONJ
2803,10,migren,NOUN
2803,10,türü,NOUN
2803,10,baş,NOUN
2803,10,ağrıları,NOUN
2803,10,bu,DET
2803,10,dönemlerde,NOUN
2803,10,çok,ADJ
2803,10,arttığı,ADJ
2803,10,için,ADP
2803,10,hastalar,NOUN
2803,10,hemen,ADV
2803,10,sinüzitle,NOUN
2803,10,ilgili,ADJ
2803,10,şikayetim,NOUN
2803,10,var,VERB
2803,10,diye,ADP
2803,10,geliyor,VERB
2803,10,şeklinde,NOUN
2803,10,konuştu.,VERB
2803,11,İkinci,ADJ
2803,11,grup,NOUN
2803,11,hastaların,NOUN
2803,11,uzun,ADJ
2803,11,zamanlı,NOUN
2803,11,burun,NOUN
2803,11,akıntısı,NOUN
2803,11,şikayetiyle,NOUN
2803,11,geldiğini,ADJ
2803,11,belirten,ADJ
2803,11,Dursun,NOUN
2803,11,Hastalar,NOUN
2803,11,benim,PRON
2803,11,uzun,ADJ
2803,11,zamandır,NOUN
2803,11,burun,NOUN
2803,11,akıntım,NOUN
2803,11,var.,VERB
2803,12,Çok,ADJ
2803,12,uzun,ADJ
2803,12,zamandan,NOUN
2803,12,beri,ADV
2803,12,sinüzitim,NOUN
2803,12,var,VERB
2803,12,diye,ADP
2803,12,geliyorlar.,VERB
2803,13,Ayrıntılı,NOUN
2803,13,olarak,ADP
2803,13,endoskopi,NOUN
2803,13,muayene,NOUN
2803,13,veya,CONJ
2803,13,radyolojik,NOUN
2803,13,tetkiklerle,NOUN
2803,13,değerlendirdiğimiz,ADJ
2803,13,zaman,NOUN
2803,13,aslında,NOUN
2803,13,hastaların,NOUN
2803,13,büyük,ADJ
2803,13,çoğunluğunun,NOUN
2803,13,şikayetlerinin,NOUN
2803,13,alerjiye,NOUN
2803,13,bağlı,ADJ
2803,13,olduğunu,ADJ
2803,13,görüyoruz.,VERB
2803,14,Bu,DET
2803,14,iki,ADJ
2803,14,ayrım,NOUN
2803,14,iyi,ADJ
2803,14,yapıldıktan,VERB
2803,14,sonra,ADV
2803,14,tedavi,NOUN
2803,14,planlanmalı,VERB
2803,14,dedi.,VERB
2803,15,Hastaların,NOUN
2803,15,şikayetleri,NOUN
2803,15,olunca,ADV
2803,15,hemen,ADV
2803,15,bir,DET
2803,15,eczaneye,NOUN
2803,15,gidip,ADV
2803,15,ağrı,NOUN
2803,15,kesici,NOUN
2803,15,aldığını,ADJ
2803,15,kaydeden,ADJ
2803,15,Dursun,NOUN
2803,15,şunları,PRON
2803,15,söyledi.,VERB
2803,16,Bazen,CONJ
2803,16,işe,NOUN
2803,16,yarıyor.,VERB
2803,17,Bir,DET
2803,17,gribal,NOUN
2803,17,enfeksiyon,NOUN
2803,17,geçiriyorsanız,VERB
2803,17,veya,CONJ
2803,17,burun,NOUN
2803,17,akıntısı,NOUN
2803,17,buna,PRON
2803,17,bağlı,ADJ
2803,17,ise,CONJ
2803,17,eczaneye,NOUN
2803,17,gittiğinizde,ADJ
2803,17,size,PRON
2803,17,antigribal,NOUN
2803,17,ilaçlar,VERB
2803,17,veriliyor.,VERB
2803,18,Bir,DET
2803,18,kısmı,NOUN
2803,18,bu,DET
2803,18,şikayetleri,NOUN
2803,18,azaltabiliyor.,VERB
2803,19,Fakat,CONJ
2803,19,bu,DET
2803,19,hastaların,NOUN
2803,19,üzerine,ADV
2803,19,bir,DET
2803,19,sinüzit,NOUN
2803,19,veya,CONJ
2803,19,altta,ADJ
2803,19,yatan,ADJ
2803,19,başka,ADJ
2803,19,faktörler,NOUN
2803,19,varsa,VERB
2803,19,muayene,NOUN
2803,19,edilmeden,ADV
2803,19,ilaç,NOUN
2803,19,başlanması,NOUN
2803,19,daha,NOUN
2803,19,sonra,ADV
2803,19,gelişebilecek,ADJ
2803,19,komplikasyon,NOUN
2803,19,veya,CONJ
2803,19,ileri,ADJ
2803,19,hastalıkları,NOUN
2803,19,atlamamıza,NOUN
2803,19,tedavinin,NOUN
2803,19,gecikmesine,NOUN
2803,19,neden,NOUN
2803,19,olabiliyor.,VERB
2803,20,Karadeniz,NOUN
2803,20,Bölgesi'nde,NOUN
2803,20,burunla,NOUN
2803,20,ilgili,ADJ
2803,20,alerjik,ADJ
2803,20,hastalıkların,NOUN
2803,20,çok,ADJ
2803,20,yaygın,ADJ
2803,20,olduğunu,ADJ
2803,20,belirten,ADJ
2803,20,Dursun,NOUN
2803,20,şöyle,ADV
2803,20,devam,NOUN
2803,20,etti.,VERB
2803,20,Alerjik,NOUN
2803,21,rahatsızlıkları,NOUN
2803,21,bulunan,ADJ
2803,21,hastaların,NOUN
2803,21,büyük,ADJ
2803,21,bir,DET
2803,21,kısmında,NOUN
2803,21,burun,NOUN
2803,21,tıkanıklığı,NOUN
2803,21,burun,NOUN
2803,21,akıntısı,NOUN
2803,21,hapşırık,NOUN
2803,21,ve,CONJ
2803,21,buna,PRON
2803,21,benzer,ADJ
2803,21,şikayetler,NOUN
2803,21,var.,VERB
2803,22,Bu,DET
2803,22,hastaların,NOUN
2803,22,bir,DET
2803,22,kısmında,NOUN
2803,22,aynı,ADJ
2803,22,zamanda,NOUN
2803,22,burun,NOUN
2803,22,içerisinde,NOUN
2803,22,eğrilikler,NOUN
2803,22,mevcut.,NOUN
2803,23,Halk,NOUN
2803,23,arasında,NOUN
2803,23,burnunda,NOUN
2803,23,kemik,NOUN
2803,23,var,VERB
2803,23,eğriliğim,NOUN
2803,23,var,VERB
2803,23,diyen,VERB
2803,23,hastaların,NOUN
2803,23,büyük,ADJ
2803,23,bir,ADV
2803,23,grubunda,NOUN
2803,23,alerji,NOUN
2803,23,de,CONJ
2803,23,var.,VERB
2803,24,Bu,DET
2803,24,iki,ADJ
2803,24,hasta,ADJ
2803,24,grubunu,NOUN
2803,24,iyi,ADJ
2803,24,değerlendirmek,NOUN
2803,24,lazım.,NOUN
2803,25,Alerjileri,NOUN
2803,25,yoksa,CONJ
2803,25,burun,NOUN
2803,25,eğriliğinin,NOUN
2803,25,düzeltilmesi,NOUN
2803,25,hastaların,NOUN
2803,25,büyük,ADJ
2803,25,oranda,NOUN
2803,25,sıkıntılarını,NOUN
2803,25,gideriyor.,VERB
2803,26,Eğrilikle,NOUN
2803,26,birlikte,ADV
2803,26,alerji,NOUN
2803,26,problemi,NOUN
2803,26,de,CONJ
2803,26,olan,ADJ
2803,26,hastalarla,NOUN
2803,26,ameliyat,NOUN
2803,26,öncesi,NOUN
2803,26,konuşmak,NOUN
2803,26,gerektiğini,ADJ
2803,26,dile,NOUN
2803,26,getiren,ADJ
2803,26,Dursun,NOUN
2803,26,şunları,PRON
2803,26,kaydetti.,VERB
2803,27,Hastalar,NOUN
2803,27,ameliyattan,NOUN
2803,27,sonra,ADV
2803,27,alerjiye,NOUN
2803,27,bağlı,ADJ
2803,27,şikayetlerinde,NOUN
2803,27,çok,ADJ
2803,27,büyük,ADJ
2803,27,düzelme,NOUN
2803,27,hatta,CONJ
2803,27,geçme,ADJ
2803,27,beklentisinde,NOUN
2803,27,oluyor.,VERB
2803,28,Hastaları,NOUN
2803,28,bu,DET
2803,28,beklentiye,NOUN
2803,28,sokmamak,NOUN
2803,28,lazım.,NOUN
2803,29,Çünkü,CONJ
2803,29,alerjik,ADJ
2803,29,hastalıklar,NOUN
2803,29,da,CONJ
2803,29,şeker,NOUN
2803,29,yüksek,ADJ
2803,29,tansiyon,NOUN
2803,29,hastalıkları,NOUN
2803,29,gibi,ADP
2803,29,sistemik,ADJ
2803,29,hastalıklar,NOUN
2803,29,bu,DET
2803,29,hastalıkları,NOUN
2803,29,ameliyatla,NOUN
2803,29,tedavi,NOUN
2803,29,etmek,VERB
2803,29,mümkün,ADJ
2803,29,değil.,NOUN
2803,30,Burun,VERB
2803,30,eğriliklerini,NOUN
2803,30,düzeltmekle,VERB
2803,30,hastaların,NOUN
2803,30,yaşam,NOUN
2803,30,kalitelerini,NOUN
2803,30,son,ADJ
2803,30,derece,NOUN
2803,30,artırıyoruz.,VERB
2803,31,Ardından,ADV
2803,31,bu,DET
2803,31,hastalar,NOUN
2803,31,alerjiye,NOUN
2803,31,bağlı,ADJ
2803,31,ilaçlarını,NOUN
2803,31,da,CONJ
2803,31,kullandıkları,ADJ
2803,31,zaman,NOUN
2803,31,son,ADJ
2803,31,derece,NOUN
2803,31,rahatlıyor.,VERB
2803,32,Prof,NOUN
2803,32,Dr,NOUN
2803,32,Engin,NOUN
2803,32,Dursun,NOUN
2803,32,uzun,ADJ
2803,32,süreli,NOUN
2803,32,şikayetleri,NOUN
2803,32,olan,ADJ
2803,32,kişilerin,NOUN
2803,32,mutlaka,ADV
2803,32,alerji,NOUN
2803,32,testlerini,NOUN
2803,32,yaptırması,NOUN
2803,32,buna,PRON
2803,32,göre,ADV
2803,32,tedaviye,NOUN
2803,32,başlaması,NOUN
2803,32,gerektiğini,ADJ
2803,32,vurgulayarak,ADV
2803,32,şu,PRON
2803,32,uyarılarda,NOUN
2803,32,bulundu.,VERB
2803,33,Bu,DET
2803,33,tür,NOUN
2803,33,rahatsızlığı,NOUN
2803,33,bulunan,ADJ
2803,33,hastalar,NOUN
2803,33,çamaşır,NOUN
2803,33,suyu,NOUN
2803,33,deterjanlar,NOUN
2803,33,çok,ADJ
2803,33,tozlu,NOUN
2803,33,ve,CONJ
2803,33,nemli,ADJ
2803,33,ortamlardan,NOUN
2803,33,uzak,ADJ
2803,33,durmalı.,VERB
2803,34,Alerjik,ADJ
2803,34,hastaların,NOUN
2803,34,yataklarını,NOUN
2803,34,belli,ADJ
2803,34,bir,DET
2803,34,düzen,NOUN
2803,34,içerisinde,NOUN
2803,34,mutlaka,ADV
2803,34,temizlemeleri,NOUN
2803,34,odalarını,NOUN
2803,34,havalandırmaları,NOUN
2803,34,gerekir.,VERB
2803,35,Deterjanlar,NOUN
2803,35,bu,DET
2803,35,hastalarda,NOUN
2803,35,zaman,NOUN
2803,35,zaman,PRT
2803,35,ciddi,ADJ
2803,35,sıkıntılara,NOUN
2803,35,neden,NOUN
2803,35,olabiliyor.,VERB
2803,36,Evlerde,NOUN
2803,36,veya,CONJ
2803,36,çalışılan,ADJ
2803,36,yerlerde,NOUN
2803,36,halılar,NOUN
2803,36,da,CONJ
2803,36,sorun,NOUN
2803,36,oluşturabiliyor.,VERB
2803,37,Bu,DET
2803,37,tür,NOUN
2803,37,rahatsızlığı,NOUN
2803,37,bulunanların,ADJ
2803,37,özellikle,ADV
2803,37,kış,NOUN
2803,37,mevsiminde,NOUN
2803,37,doğal,ADJ
2803,37,besinlerle,NOUN
2803,37,vücut,NOUN
2803,37,dirençlerini,NOUN
2803,37,çok,ADJ
2803,37,yüksek,ADJ
2803,37,tutmaları,NOUN
2803,37,gerekiyor.,VERB
2804,0,Nil,NOUN
2804,0,Koleji,NOUN
2804,0,Obeziteyle,NOUN
2804,0,Mücadele,NOUN
2804,0,Başlattı.,VERB
2804,1,Diyarbakır'da,NOUN
2804,1,faaliyet,NOUN
2804,1,gösteren,ADJ
2804,1,Özel,ADJ
2804,1,Nil,NOUN
2804,1,İlköğretim,NOUN
2804,1,Okulu,NOUN
2804,1,çağın,NOUN
2804,1,hastalığı,NOUN
2804,1,olarak,ADP
2804,1,kabul,NOUN
2804,1,edilen,ADJ
2804,1,obeziteyle,NOUN
2804,1,mücadele,NOUN
2804,1,başlattı.,VERB
2804,2,Diyarbakır'da,NOUN
2804,2,faaliyet,NOUN
2804,2,gösteren,ADJ
2804,2,Özel,ADJ
2804,2,Nil,NOUN
2804,2,İlköğretim,NOUN
2804,2,Okulu,NOUN
2804,2,çağın,VERB
2804,2,hastalığı,NOUN
2804,2,olarak,ADP
2804,2,kabul,NOUN
2804,2,edilen,VERB
2804,2,obeziteyle,NOUN
2804,2,mücadele,NOUN
2804,2,başlattı.,VERB
2804,3,Okul,NOUN
2804,3,yönetimi,NOUN
2804,3,bilim,NOUN
2804,3,adamlarının,NOUN
2804,3,günümüzde,NOUN
2804,3,ülkelerin,NOUN
2804,3,en,ADV
2804,3,önemli,NOUN
2804,3,sağlık,NOUN
2804,3,sorunu,NOUN
2804,3,olarak,ADP
2804,3,tanımladığı,ADJ
2804,3,hastalığa,NOUN
2804,3,karşı,NOUN
2804,3,öğrenci,NOUN
2804,3,ve,CONJ
2804,3,velilerle,NOUN
2804,3,işbirliği,NOUN
2804,3,yaptı.,VERB
2804,4,Özel,ADJ
2804,4,Nil,NOUN
2804,4,İlköğretim,NOUN
2804,4,Okulu,NOUN
2804,4,Müdürü,NOUN
2804,4,Ali,NOUN
2804,4,Pehlivan,NOUN
2804,4,yaptığı,ADJ
2804,4,açıklamada,NOUN
2804,4,abur,NOUN
2804,4,cubur,PRT
2804,4,yeme,NOUN
2804,4,başta,NOUN
2804,4,olmak,VERB
2804,4,üzere,ADV
2804,4,dengesiz,ADJ
2804,4,tek,ADJ
2804,4,tip,NOUN
2804,4,beslenme,NOUN
2804,4,doğal,ADJ
2804,4,olmayan,ADJ
2804,4,ürünlerle,NOUN
2804,4,beslenme,NOUN
2804,4,öğün,NOUN
2804,4,atlama,NOUN
2804,4,ve,CONJ
2804,4,porsiyonların,NOUN
2804,4,büyümesi,NOUN
2804,4,gibi,ADP
2804,4,faktörlerin,NOUN
2804,4,obezitenin,NOUN
2804,4,nedenleri,NOUN
2804,4,arasında,NOUN
2804,4,yer,NOUN
2804,4,aldığını,ADJ
2804,4,söyledi.,VERB
2804,5,Beslenmenin,NOUN
2804,5,anne,NOUN
2804,5,karnından,NOUN
2804,5,başlayarak,ADV
2804,5,yaşamın,NOUN
2804,5,sonlandığı,ADJ
2804,5,ana,NOUN
2804,5,kadar,ADP
2804,5,devam,NOUN
2804,5,eden,ADJ
2804,5,vazgeçilmez,VERB
2804,5,bir,DET
2804,5,ihtiyaç,NOUN
2804,5,olduğunu,ADJ
2804,5,hatırlatan,ADJ
2804,5,Pehlivan,NOUN
2804,5,Sağlıklı,NOUN
2804,5,bir,DET
2804,5,yaşam,NOUN
2804,5,sürdürmek,VERB
2804,5,için,ADP
2804,5,alınan,ADJ
2804,5,enerji,NOUN
2804,5,ile,CONJ
2804,5,harcanan,ADJ
2804,5,enerjinin,NOUN
2804,5,dengede,NOUN
2804,5,tutulması,NOUN
2804,5,gerekmektedir.,VERB
2804,6,Biz,PRON
2804,6,de,CONJ
2804,6,okul,NOUN
2804,6,olarak,ADP
2804,6,bir,ADJ
2804,6,dizi,NOUN
2804,6,önlem,NOUN
2804,6,aldık.,VERB
2804,7,Yaşamın,NOUN
2804,7,ve,CONJ
2804,7,okulun,NOUN
2804,7,içerisine,NOUN
2804,7,aktivite,NOUN
2804,7,kattık.,VERB
2804,8,Günlük,NOUN
2804,8,bedensel,ADJ
2804,8,aktiviteleri,NOUN
2804,8,ders,NOUN
2804,8,içi,NOUN
2804,8,ve,CONJ
2804,8,ders,NOUN
2804,8,dışı,NOUN
2804,8,faaliyetlere,NOUN
2804,8,yaydık.,VERB
2804,9,Özellikle,ADV
2804,9,yemekten,NOUN
2804,9,sonra,ADV
2804,9,yürüyüş,NOUN
2804,9,ve,CONJ
2804,9,kondisyon,NOUN
2804,9,aletleriyle,NOUN
2804,9,teneffüslerde,NOUN
2804,9,kalori,NOUN
2804,9,yakmanın,NOUN
2804,9,yolunu,NOUN
2804,9,açtık.,VERB
2804,10,Yemek,NOUN
2804,10,menülerini,NOUN
2804,10,çocukların,NOUN
2804,10,ihtiyaç,NOUN
2804,10,duyacakları,ADJ
2804,10,kalori,NOUN
2804,10,miktarına,NOUN
2804,10,göre,ADV
2804,10,ayarladık.,VERB
2804,11,Okul,NOUN
2804,11,kantininde,NOUN
2804,11,gazlı,ADJ
2804,11,ve,CONJ
2804,11,zararlı,ADJ
2804,11,meşrubat,NOUN
2804,11,cips,NOUN
2804,11,gibi,ADP
2804,11,ürünlerin,NOUN
2804,11,satışını,NOUN
2804,11,engelledik.,VERB
2804,12,Zaman,NOUN
2804,12,içerisinde,NOUN
2804,12,aldığımız,ADJ
2804,12,önlemlerin,NOUN
2804,12,neticesi,NOUN
2804,12,ortaya,NOUN
2804,12,çıkacaktır.,VERB
2804,13,Sağlıklı,NOUN
2804,13,bir,ADJ
2804,13,nesil,NOUN
2804,13,mutlu,ADJ
2804,13,bir,ADJ
2804,13,aile,NOUN
2804,13,sağlıklı,NOUN
2804,13,bir,ADJ
2804,13,toplum,NOUN
2804,13,hedeflemekteyiz,VERB
2804,13,dedi.,VERB
2804,14,Ali,NOUN
2804,14,Pehlivan,NOUN
2804,14,Dicle,NOUN
2804,14,Üniversitesi,NOUN
2804,14,ile,ADP
2804,14,de,CONJ
2804,14,işbirliği,NOUN
2804,14,yaparak,ADV
2804,14,bilimsel,ADJ
2804,14,anlamda,NOUN
2804,14,yardım,NOUN
2804,14,alma,NOUN
2804,14,süreci,NOUN
2804,14,takip,NOUN
2804,14,etme,VERB
2804,14,ve,CONJ
2804,14,bununla,PRON
2804,14,ilgili,ADJ
2804,14,öğrenci,NOUN
2804,14,ve,CONJ
2804,14,velilere,NOUN
2804,14,seminer,NOUN
2804,14,vermenin,NOUN
2804,14,de,CONJ
2804,14,programlarında,NOUN
2804,14,olduğunu,VERB
2804,14,kaydetti,VERB
2804,14,.,.
2000,0,AB'den,NOUN
2000,0,İran,NOUN
2000,0,gazına,NOUN
2000,0,yasak,NOUN
2000,0,AB,NOUN
2000,0,dışişleri,NOUN
2000,0,bakanları,NOUN
2000,0,şüphe,NOUN
2000,0,uyandıran,ADJ
2000,0,nükleer,NOUN
2000,0,programıyla,NOUN
2000,0,ilgili,NOUN
2000,0,uluslararası,NOUN
2000,0,yükümlülüklerini,NOUN
2000,0,yerine,NOUN
2000,0,getirmemekle,NOUN
2000,0,suçladıkları,VERB
2000,0,İran'dan,NOUN
2000,0,doğalgaz,NOUN
2000,0,ithalini,NOUN
2000,0,yasakladı,VERB
2000,0,.,.
2000,1,Lüksemburg'da,NOUN
2000,1,toplanan,ADJ
2000,1,AB,NOUN
2000,1,dışişleri,NOUN
2000,1,bakanlarının,NOUN
2000,1,onayladığı,ADJ
2000,1,İran'a,NOUN
2000,1,ilave,NOUN
2000,1,yaptırım,NOUN
2000,1,kararlarıyla,NOUN
2000,1,nükleer,NOUN
2000,1,faaliyetlerde,NOUN
2000,1,ya,CONJ
2000,1,da,CONJ
2000,1,balistik,NOUN
2000,1,füzelerde,NOUN
2000,1,kullanılan,ADJ
2000,1,grafit,NOUN
2000,1,alüminyum,NOUN
2000,1,ve,CONJ
2000,1,çelik,ADJ
2000,1,gibi,ADP
2000,1,metaller,NOUN
2000,1,ve,CONJ
2000,1,endüstriyel,NOUN
2000,1,yazılımların,NOUN
2000,1,bu,DET
2000,1,ülkeye,NOUN
2000,1,satışı,NOUN
2000,1,durduruldu,VERB
2000,1,.,.
2000,2,İlave,NOUN
2000,2,yaptırımlarla,NOUN
2000,2,İran,NOUN
2000,2,hükümetine,NOUN
2000,2,önemli,NOUN
2000,2,finansman,NOUN
2000,2,sağlayan,VERB
2000,2,34,NUM
2000,2,şirket,NOUN
2000,2,ve,CONJ
2000,2,kuruluşun,NOUN
2000,2,AB'deki,NOUN
2000,2,mal,NOUN
2000,2,varlıkları,NOUN
2000,2,donduruldu,VERB
2000,3,AB,NOUN
2000,3,dışişleri,NOUN
2000,3,bakanları,NOUN
2000,3,insani,NOUN
2000,3,ihtiyaçlara,NOUN
2000,3,yönelik,ADP
2000,3,olanlar,VERB
2000,3,hariç,NOUN
2000,3,Avrupalı,NOUN
2000,3,finans,NOUN
2000,3,kuruluşlarının,NOUN
2000,3,İran,NOUN
2000,3,bankalarıyla,NOUN
2000,3,tüm,DET
2000,3,işlemlerini,NOUN
2000,3,yasakladı,ADJ
2000,3,ve,CONJ
2000,3,İran,NOUN
2000,3,Merkez,NOUN
2000,3,Bankası'na,NOUN
2000,3,yönelik,ADP
2000,3,kısıtlamaları,VERB
2000,3,genişletti,VERB
2000,3,.,.
2000,4,yaptırımlarla,NOUN
2000,4,AB,NOUN
2000,4,tankerlerinin,NOUN
2000,4,İran,NOUN
2000,4,için,ADP
2000,4,petrol,NOUN
2000,4,ve,CONJ
2000,4,ürünlerini,NOUN
2000,4,taşımaları,VERB
2000,4,ve,CONJ
2000,4,AB,NOUN
2000,4,şirketlerinin,NOUN
2000,4,gemi,NOUN
2000,4,inşa,NOUN
2000,4,sektöründe,NOUN
2000,4,İran'la,NOUN
2000,4,iş,NOUN
2000,4,yapmaları,NOUN
2000,4,yasaklandı,VERB
2000,4,.,.
2000,5,AB,NOUN
2000,5,dışişleri,NOUN
2000,5,bakanlarının,NOUN
2000,5,kararlarında,NOUN
2000,5,ilave,NOUN
2000,5,yaptırımların,NOUN
2000,5,İran,NOUN
2000,5,halkı,NOUN
2000,5,yerine,ADP
2000,5,yönetimin,NOUN
2000,5,nükleer,NOUN
2000,5,programını,NOUN
2000,5,hedeflediği,ADJ
2000,5,belirtilerek,ADV
2000,5,bunları,PRON
2000,5,sona,NOUN
2000,5,erdirmenin,NOUN
2000,5,Tahran,NOUN
2000,5,rejiminin,NOUN
2000,5,elinde,NOUN
2000,5,olduğu,ADJ
2000,5,aksi,ADJ
2000,5,halde,NOUN
2000,5,yeni,ADJ
2000,5,yaptırımlara,NOUN
2000,5,gidileceği,VERB
2000,5,vurgulandı,VERB
2000,5,.,.
2000,6,İran'ın,NOUN
2000,6,halihazırda,NOUN
2000,6,AB'ye,NOUN
2000,6,doğalgaz,NOUN
2000,6,ihracatı,NOUN
2000,6,bulunmuyor,VERB
2000,6,.,.
2001,0,Meksika'nın,NOUN
2001,0,güneyinde,NOUN
2001,0,şiddetli,NOUN
2001,0,bir,DET
2001,0,deprem,NOUN
2001,0,meydana,NOUN
2001,0,geldi,VERB
2001,0,.,.
2001,1,Richter,NOUN
2001,1,ölçeğine,NOUN
2001,1,göre,ADP
2001,1,6.0,NUM
2001,1,büyüklüğündeki,NOUN
2001,1,sarsıntının,NOUN
2001,1,merkez,NOUN
2001,1,üssünün,NOUN
2001,1,güneydeki,NOUN
2001,1,Teloloapan,NOUN
2001,1,şehri,NOUN
2001,1,yakınlarında,NOUN
2001,1,olduğu,ADJ
2001,1,belirtildi,VERB
2001,1,.,.
2001,2,Sabaha,NOUN
2001,2,karşı,ADP
2001,2,meydana,NOUN
2001,2,gelen,ADJ
2001,2,deprem,NOUN
2001,2,başkent,NOUN
2001,2,Mexico,NOUN
2001,2,City'de,NOUN
2001,2,de,CONJ
2001,2,paniğe,NOUN
2001,2,sebep,NOUN
2001,2,oldu,VERB
2001,2,.,.
2002,0,İsrail'den,NOUN
2002,0,mahkumları,NOUN
2002,0,ziyaret,NOUN
2002,0,yasağı,NOUN
2002,0,Ramallah'taki,NOUN
2002,0,Filistin,NOUN
2002,0,Yönetimi,NOUN
2002,0,İsrail,NOUN
2002,0,Hapishane,NOUN
2002,0,İdaresi'nin,NOUN
2002,0,ziyaretler,NOUN
2002,0,için,ADP
2002,0,tanınan,ADJ
2002,0,deneme,NOUN
2002,0,süresinin,NOUN
2002,0,sona,NOUN
2002,0,erdiği,ADJ
2002,0,gerekçesiyle,NOUN
2002,0,mahkumların,NOUN
2002,0,yakınları,NOUN
2002,0,tarafından,ADV
2002,0,ziyaret,NOUN
2002,0,edilmesini,NOUN
2002,0,engellediğini,ADJ
2002,0,belirtti,VERB
2002,0,.,.
2002,1,Ramallah'taki,NOUN
2002,1,Filistin,NOUN
2002,1,Yönetimi'nde,NOUN
2002,1,Esirler,NOUN
2002,1,Bakanı,NOUN
2002,1,İsa,NOUN
2002,1,Karaki,NOUN
2002,1,AA,NOUN
2002,1,muhabirine,NOUN
2002,1,yaptığı,VERB
2002,1,açıklamada,NOUN
2002,1,Gazze,NOUN
2002,1,Bölgesi'ndeki,NOUN
2002,1,hapishanelerde,NOUN
2002,1,bulunan,VERB
2002,1,444,NUM
2002,1,Filistinli,ADJ
2002,1,tutuklunun,NOUN
2002,1,İsrail,NOUN
2002,1,Hapishane,NOUN
2002,1,İdaresi'nce,NOUN
2002,1,ziyaretler,NOUN
2002,1,için,ADP
2002,1,tanınan,ADJ
2002,1,deneme,NOUN
2002,1,süresinin,NOUN
2002,1,sona,NOUN
2002,1,erdiği,ADJ
2002,1,gerekçesiyle,NOUN
2002,1,yakınlarını,NOUN
2002,1,görmelerinin,NOUN
2002,1,engellendiğini,VERB
2002,1,ifade,NOUN
2002,1,etti,VERB
2002,1,.,.
2002,2,Karaki,NOUN
2002,2,İsrail,NOUN
2002,2,tutukluları,NOUN
2002,2,en,ADV
2002,2,doğal,ADJ
2002,2,haklarından,NOUN
2002,2,mahrum,ADJ
2002,2,edip,ADV
2002,2,anlaşma,NOUN
2002,2,öncesindeki,ADV
2002,2,haline,NOUN
2002,2,döndürmek,VERB
2002,2,için,ADP
2002,2,çalışıyor,VERB
2002,2,dedi,VERB
2002,2,.,.
2002,3,İsrail'in,NOUN
2002,3,üç,ADJ
2002,3,ayda,NOUN
2002,3,bir,DET
2002,3,kere,NOUN
2002,3,olmak,NOUN
2002,3,üzere,ADV
2002,3,Gazzelilerin,NOUN
2002,3,tutuklu,NOUN
2002,3,yakınlarını,NOUN
2002,3,görmelerine,NOUN
2002,3,izin,NOUN
2002,3,veren,ADJ
2002,3,bir,DET
2002,3,dosya,NOUN
2002,3,üzerinde,ADP
2002,3,çalıştıklarını,VERB
2002,3,dile,NOUN
2002,3,getiren,ADJ
2002,3,Karaki,NOUN
2002,3,Filistinli,NOUN
2002,3,mahkumlar,NOUN
2002,3,ziyaret,NOUN
2002,3,yasağı,NOUN
2002,3,kararının,NOUN
2002,3,uygulanması,NOUN
2002,3,halinde,NOUN
2002,3,İsrail,NOUN
2002,3,Hapishane,NOUN
2002,3,Yönetimi'yle,NOUN
2002,3,savaşacakları,VERB
2002,3,yönünde,NOUN
2002,3,tehditte,NOUN
2002,3,bulundu,VERB
2002,3,.,.
2002,4,Bu,DET
2002,4,durum,NOUN
2002,4,hapishanelerde,NOUN
2002,4,ayaklanmaya,VERB
2002,4,neden,NOUN
2002,4,olacak,ADJ
2002,4,diye,ADP
2002,4,konuştu,VERB
2002,4,.,.
2002,5,Uluslararası,NOUN
2002,5,Kızılhaç,NOUN
2002,5,Komisyonu,NOUN
2002,5,sözcüsü,NOUN
2002,5,Eymen,NOUN
2002,5,şihabi,NOUN
2002,5,ise,CONJ
2002,5,komisyonun,NOUN
2002,5,Filistinli,NOUN
2002,5,mahkumlarının,NOUN
2002,5,yakınlarına,NOUN
2002,5,henüz,ADV
2002,5,İsrail,NOUN
2002,5,tarafından,ADV
2002,5,tarafından,ADV
2002,5,ziyaretlerini,NOUN
2002,5,engellemeye,NOUN
2002,5,yönelik,ADP
2002,5,hazırlanan,ADJ
2002,5,bir,DET
2002,5,rapor,NOUN
2002,5,göndermediğini,ADJ
2002,5,ifade,NOUN
2002,5,etti,VERB
2002,5,.,.
2002,6,Filistinli,ADJ
2002,6,tutuklu,NOUN
2002,6,yakınlarının,NOUN
2002,6,ziyaretlerinin,NOUN
2002,6,kesilmemesini,NOUN
2002,6,temenni,NOUN
2002,6,ettiğini,ADJ
2002,6,dile,NOUN
2002,6,getiren,ADJ
2002,6,şihabi,NOUN
2002,6,şunları,PRON
2002,6,söyledi,VERB
2002,6,Ramon,NOUN
2002,6,Hapishanesindeki,NOUN
2002,6,27,ADJ
2002,6,tutuklu,NOUN
2002,6,geçen,ADJ
2002,6,Pazartesi,NOUN
2002,6,Kızılhaç,NOUN
2002,6,görevlileri,NOUN
2002,6,nezaretinde,NOUN
2002,6,yakınları,NOUN
2002,6,ile,CONJ
2002,6,görüştürüldü,NOUN
2002,6,.,.
2002,7,Bir,DET
2002,7,sonraki,ADJ
2002,7,tutuklu,NOUN
2002,7,yakını,NOUN
2002,7,ziyaretinin,NOUN
2002,7,Nefha,NOUN
2002,7,Hapishanesi'nde,NOUN
2002,7,olması,NOUN
2002,7,yönündeki,NOUN
2002,7,çalışmalarımız,NOUN
2002,7,devam,NOUN
2002,7,ediyor,VERB
2002,7,.,.
2002,8,İsrail,NOUN
2002,8,Yönetimi,NOUN
2002,8,Haziran,NOUN
2002,8,2006'dan,NOUN
2002,8,bu,DET
2002,8,yana,VERB
2002,8,Filistinli,ADJ
2002,8,tutukluların,NOUN
2002,8,aileleri,NOUN
2002,8,tarafından,ADV
2002,8,ziyaretini,NOUN
2002,8,yasaklamıştı,ADJ
2002,8,.,.
2002,9,Gazze,NOUN
2002,9,hapishanelerindeki,NOUN
2002,9,3000,NUM
2002,9,Filistinli,ADJ
2002,9,mahkum,NOUN
2002,9,hapishane,NOUN
2002,9,şartlarını,NOUN
2002,9,protesto,NOUN
2002,9,etmek,NOUN
2002,9,için,ADP
2002,9,geçen,ADJ
2002,9,Nisan,NOUN
2002,9,ayında,NOUN
2002,9,başlattıkları,VERB
2002,9,açlık,NOUN
2002,9,grevine,NOUN
2002,9,Mısır'ın,NOUN
2002,9,aracı,NOUN
2002,9,olmasıyla,NOUN
2002,9,Mayıs,NOUN
2002,9,2012'de,NOUN
2002,9,İsrail,NOUN
2002,9,yönetimiyle,NOUN
2002,9,yaptıkları,VERB
2002,9,anlaşma,NOUN
2002,9,sonrası,ADV
2002,9,son,NOUN
2002,9,vermişti,VERB
2002,9,.,.
2002,10,Taraflar,NOUN
2002,10,arasında,NOUN
2002,10,yapılan,ADJ
2002,10,anlaşma,NOUN
2002,10,metni,NOUN
2002,10,esirlere,NOUN
2002,10,uygulanan,ADJ
2002,10,tecrit,NOUN
2002,10,idari,NOUN
2002,10,gözaltı,NOUN
2002,10,ve,CONJ
2002,10,Gazzelilerin,NOUN
2002,10,İsrail,NOUN
2002,10,hapishanelerindeki,NOUN
2002,10,tutuklu,NOUN
2002,10,yakınlarını,NOUN
2002,10,görmelerine,NOUN
2002,10,izin,NOUN
2002,10,verilmesi,NOUN
2002,10,yönündeydi,VERB
2002,10,.,.
2003,0,Obama'dan,NOUN
2003,0,İran,NOUN
2003,0,mesajı,NOUN
2003,0,ABD,NOUN
2003,0,Başkanı,NOUN
2003,0,Barack,NOUN
2003,0,Obama,NOUN
2003,0,İran'ın,NOUN
2003,0,nükleer,NOUN
2003,0,silah,NOUN
2003,0,sahibi,NOUN
2003,0,olmasına,NOUN
2003,0,izin,NOUN
2003,0,vermeyeceğiz,VERB
2003,0,.,.
2003,1,Ancak,CONJ
2003,1,bu,DET
2003,1,meseleyi,NOUN
2003,1,diplomatik,NOUN
2003,1,olarak,ADP
2003,1,çözmek,NOUN
2003,1,için,ADP
2003,1,hala,ADV
2003,1,zaman,NOUN
2003,1,penceresinin,NOUN
2003,1,olduğunu,ADJ
2003,1,düşünüyorum,VERB
2003,1,dedi,VERB
2003,1,.,.
2003,2,Obama,NOUN
2003,2,başkanlığa,NOUN
2003,2,ikinci,ADJ
2003,2,kez,NOUN
2003,2,seçilmesinin,VERB
2003,2,ardından,ADV
2003,2,düzenlediği,ADJ
2003,2,ilk,ADJ
2003,2,basın,NOUN
2003,2,toplantısında,NOUN
2003,2,gazetecilerin,NOUN
2003,2,sorularını,NOUN
2003,2,yanıtladı,VERB
2003,2,.,.
2003,3,Bir,DET
2003,3,gazetecinin,NOUN
2003,3,İran,NOUN
2003,3,nükleer,NOUN
2003,3,meselesini,NOUN
2003,3,çözmek,NOUN
2003,3,için,ADP
2003,3,son,NOUN
2003,3,bir,DET
2003,3,diplomatik,ADJ
2003,3,çabaya,NOUN
2003,3,hazırlanıyor,VERB
2003,3,musunuz,PRON
2003,3,?,.
2003,4,Bire,NOUN
2003,4,bir,ADJ
2003,4,görüşmelere,NOUN
2003,4,doğru,ADJ
2003,4,ilerliyor,VERB
2003,4,muyuz,PRON
2003,4,?,.
2003,5,yönündeki,NOUN
2003,5,sorusu,NOUN
2003,5,üzerine,ADP
2003,5,Obama,NOUN
2003,5,bu,DET
2003,5,soruna,NOUN
2003,5,diplomatik,ADJ
2003,5,çözüm,NOUN
2003,5,bulunmasını,NOUN
2003,5,çok,ADJ
2003,5,istediğini,ADJ
2003,5,kaydetti,VERB
2003,5,.,.
2003,6,Obama,NOUN
2003,6,Seçim,NOUN
2003,6,kampanyasından,NOUN
2003,6,önce,ADP
2003,6,de,CONJ
2003,6,kampanya,NOUN
2003,6,sırasında,NOUN
2003,6,da,CONJ
2003,6,ve,CONJ
2003,6,şimdi,ADV
2003,6,de,CONJ
2003,6,çok,ADV
2003,6,netim,VERB
2003,6,.,.
2003,7,İran'ın,NOUN
2003,7,nükleer,NOUN
2003,7,silah,NOUN
2003,7,sahibi,NOUN
2003,7,olmasına,NOUN
2003,7,izin,NOUN
2003,7,vermeyeceğiz,VERB
2003,7,.,.
2003,8,Ancak,CONJ
2003,8,bu,DET
2003,8,meseleyi,NOUN
2003,8,diplomatik,NOUN
2003,8,olarak,ADV
2003,8,çözmek,VERB
2003,8,için,ADP
2003,8,hala,ADV
2003,8,zaman,NOUN
2003,8,penceresinin,NOUN
2003,8,olduğunu,VERB
2003,8,düşünüyorum,VERB
2003,8,dedi,VERB
2003,8,.,.
2003,9,Tarihin,NOUN
2003,9,en,ADV
2003,9,sert,ADJ
2003,9,yaptırımlarını,NOUN
2003,9,hayata,NOUN
2003,9,geçirdiklerini,VERB
2003,9,ve,CONJ
2003,9,bu,DET
2003,9,yaptırımların,NOUN
2003,9,İran'ın,NOUN
2003,9,ekonomisi,NOUN
2003,9,üzerinde,ADP
2003,9,etki,NOUN
2003,9,yaptığını,ADJ
2003,9,belirten,ADJ
2003,9,Obama,NOUN
2003,9,İran'ın,NOUN
2003,9,uluslararası,NOUN
2003,9,yükümlülüklerini,NOUN
2003,9,yerine,ADP
2003,9,getirilerek,ADV
2003,9,ve,CONJ
2003,9,uluslararası,NOUN
2003,9,topluma,NOUN
2003,9,nükleer,NOUN
2003,9,silah,NOUN
2003,9,peşinde,NOUN
2003,9,olmadıklarına,ADJ
2003,9,dair,ADP
2003,9,açık,ADJ
2003,9,güvenceler,VERB
2003,9,vererek,ADV
2003,9,de,CONJ
2003,9,barışçıl,ADJ
2003,9,nükleer,ADJ
2003,9,güç,NOUN
2003,9,olabilmesinin,NOUN
2003,9,yolu,NOUN
2003,9,olmalı,VERB
2003,9,.,.
2003,10,Ve,CONJ
2003,10,evet,ADV
2003,10,önümüzdeki,NOUN
2003,10,aylarda,NOUN
2003,10,İran,NOUN
2003,10,ile,CONJ
2003,10,sadece,ADV
2003,10,bizim,PRON
2003,10,değil,VERB
2003,10,uluslararası,NOUN
2003,10,toplum,NOUN
2003,10,arasında,NOUN
2003,10,bir,DET
2003,10,diyalog,NOUN
2003,10,başlatabilir,VERB
2003,10,miyiz,ADP
2003,10,bu,DET
2003,10,meseleyi,NOUN
2003,10,çözebilir,VERB
2003,10,miyiz,PRON
2003,10,diye,ADP
2003,10,bir,DET
2003,10,gayret,NOUN
2003,10,ortaya,NOUN
2003,10,koymaya,NOUN
2003,10,çalışacağım,VERB
2003,10,.,.
2003,11,İran'ın,NOUN
2003,11,geçmesi,NOUN
2003,11,gereken,ADJ
2003,11,kapıdan,NOUN
2003,11,geçeceğinin,VERB
2003,11,sözünü,NOUN
2003,11,veremem,VERB
2003,11,ama,CONJ
2003,11,bu,DET
2003,11,tercih,NOUN
2003,11,edilir,VERB
2003,11,seçenek,NOUN
2003,11,olacaktır,VERB
2003,11,diye,ADP
2003,11,konuştu,VERB
2003,11,.,.
2003,12,Obama,NOUN
2003,12,Hangi,ADJ
2003,12,koşullarda,NOUN
2003,12,bire,NOUN
2003,12,bir,ADJ
2003,12,görüşmeler,NOUN
2003,12,hayata,NOUN
2003,12,geçirilebilir,VERB
2003,12,?,.
2003,13,sorusu,NOUN
2003,13,üzerine,ADP
2003,13,Müzakerelerin,NOUN
2003,13,detaylarıyla,NOUN
2003,13,ilgili,NOUN
2003,13,konuşmayacağım,VERB
2003,13,.,.
2003,14,Ama,CONJ
2003,14,şunu,PRON
2003,14,söyleyebilirim,VERB
2003,14,;,.
2003,14,bu,DET
2003,14,sorunun,NOUN
2003,14,çözülmesini,NOUN
2003,14,istiyoruz,VERB
2003,14,ve,CONJ
2003,14,diplomatik,NOUN
2003,14,incelikler,NOUN
2003,14,ya,CONJ
2003,14,da,CONJ
2003,14,protokollerin,NOUN
2003,14,bizi,PRON
2003,14,kısıtlamasına,NOUN
2003,14,izin,NOUN
2003,14,vermeyeceğiz,VERB
2003,14,.,.
2003,15,Eğer,CONJ
2003,15,İran,NOUN
2003,15,bunun,PRON
2003,15,çözümü,NOUN
2003,15,için,ADP
2003,15,ciddiyse,NOUN
2003,15,bunu,PRON
2003,15,çözecek,VERB
2003,15,pozisyonda,NOUN
2003,15,olurlar,VERB
2003,15,dedi.,VERB
2003,16,Obama,NOUN
2003,16,seçimlerden,NOUN
2003,16,önce,ADV
2003,16,(,.
2003,16,bire,NOUN
2003,16,bir,ADV
2003,16,),.
2003,16,görüşmelerin,NOUN
2003,16,yakın,NOUN
2003,16,olabileceğine,ADJ
2003,16,dair,ADP
2003,16,haberlerin,NOUN
2003,16,hatırlatılması,NOUN
2003,16,üzerine,ADP
2003,16,ise,NOUN
2003,16,bunların,PRON
2003,16,doğru,NOUN
2003,16,olmadığını,ADJ
2003,16,belirtti,VERB
2003,16,.,.
2003,17,Mali,NOUN
2003,17,uçurum,NOUN
2003,17,...,.
2003,18,Öte,NOUN
2003,18,yandan,NOUN
2003,18,Obama,NOUN
2003,18,ABD,NOUN
2003,18,Kongresi'ni,NOUN
2003,18,de,CONJ
2003,18,zenginlere,NOUN
2003,18,yönelik,ADP
2003,18,olan,VERB
2003,18,hariç,ADV
2003,18,yıl,NOUN
2003,18,sonunda,ADV
2003,18,süresi,NOUN
2003,18,dolacak,ADJ
2003,18,vergi,NOUN
2003,18,kesintilerini,NOUN
2003,18,uzatmaya,NOUN
2003,18,çağırdı,VERB
2003,18,.,.
2003,19,Obama,NOUN
2003,19,Bush,NOUN
2003,19,döneminin,NOUN
2003,19,ülkenin,NOUN
2003,19,yüzde,NOUN
2003,19,2'sini,NUM
2003,19,oluşturan,ADJ
2003,19,en,ADV
2003,19,zenginlerine,NOUN
2003,19,yönelik,ADP
2003,19,vergi,NOUN
2003,19,kesintisini,NOUN
2003,19,uzatmayacağım,VERB
2003,19,bunu,PRON
2003,19,kaldıramayız,VERB
2003,19,ve,CONJ
2003,19,ekonomistlere,NOUN
2003,19,göre,ADP
2003,19,bu,DET
2003,19,ekonomiye,NOUN
2003,19,en,ADV
2003,19,düşük,ADJ
2003,19,olumlu,NOUN
2003,19,etkiyi,NOUN
2003,19,yapacaktır,VERB
2003,19,.,.
2003,20,Zenginlere,NOUN
2003,20,yönelik,ADP
2003,20,mütevazi,ADJ
2003,20,bir,DET
2003,20,vergi,NOUN
2003,20,artışı,NOUN
2003,20,onların,PRON
2003,20,belini,NOUN
2003,20,kırmayacaktır,VERB
2003,20,hala,ADV
2003,20,zengin,ADJ
2003,20,olmaya,NOUN
2003,20,devam,NOUN
2003,20,edecekler,VERB
2003,20,dedi.,VERB
2003,20,.,.
2004,0,ABD'den,NOUN
2004,0,Türkiye'ye,NOUN
2004,0,destek,NOUN
2004,0,Türkiye'nin,NOUN
2004,0,hava,NOUN
2004,0,sahasını,NOUN
2004,0,Suriye,NOUN
2004,0,uçaklarına,NOUN
2004,0,kapatmasına,NOUN
2004,0,yönelik,ADP
2004,0,Nuland,NOUN
2004,0,Türkiye'nin,NOUN
2004,0,kararını,NOUN
2004,0,destekliyoruz,VERB
2004,0,dedi,VERB
2004,0,.,.
2004,1,ABD,NOUN
2004,1,Dışişleri,NOUN
2004,1,Bakanlığı,NOUN
2004,1,Sözcüsü,NOUN
2004,1,Victoria,NOUN
2004,1,Nuland,NOUN
2004,1,Türkiye'nin,NOUN
2004,1,hava,NOUN
2004,1,sahasını,NOUN
2004,1,Suriye,NOUN
2004,1,uçaklarına,NOUN
2004,1,kapatma,NOUN
2004,1,kararını,NOUN
2004,1,ABD,NOUN
2004,1,olarak,ADV
2004,1,desteklediklerini,ADJ
2004,1,söyledi,VERB
2004,1,.,.
2004,2,Nuland,NOUN
2004,2,günlük,NOUN
2004,2,basın,NOUN
2004,2,brifinginde,NOUN
2004,2,bir,DET
2004,2,soru,NOUN
2004,2,üzerine,ADP
2004,2,Türkiye'nin,NOUN
2004,2,hava,NOUN
2004,2,sahasının,NOUN
2004,2,açık,ADJ
2004,2,ihlali,NOUN
2004,2,ışığında,NOUN
2004,2,verdiği,ADJ
2004,2,kararı,NOUN
2004,2,elbette,ADV
2004,2,destekliyoruz,NOUN
2004,2,dedi.,VERB
2004,2,.,.
2004,3,Suriye'nin,NOUN
2004,3,burada,NOUN
2004,3,karşı,ADJ
2004,3,tedbir,NOUN
2004,3,almasının,VERB
2004,3,sürpriz,NOUN
2004,3,olmadığını,ADJ
2004,3,ifade,NOUN
2004,3,eden,ADJ
2004,3,Nuland,NOUN
2004,3,Suriye'nin,NOUN
2004,3,tüm,DET
2004,3,komşularını,NOUN
2004,3,hava,NOUN
2004,3,sahalarının,NOUN
2004,3,nasıl,ADV
2004,3,kullanıldığı,VERB
2004,3,konusunda,NOUN
2004,3,uyanık,ADJ
2004,3,olmaya,NOUN
2004,3,çağırıyoruz,VERB
2004,3,özellikle,ADV
2004,3,de,CONJ
2004,3,şimdi,ADV
2004,3,elimizde,NOUN
2004,3,bu,DET
2004,3,somut,ADJ
2004,3,örnek,NOUN
2004,3,varken,NOUN
2004,3,diye,ADP
2004,3,konuştu,VERB
2004,3,.,.
2004,4,Nuland,NOUN
2004,4,Türkiye'nin,NOUN
2004,4,insani,NOUN
2004,4,yardımlar,NOUN
2004,4,söz,NOUN
2004,4,konusu,NOUN
2004,4,olduğunda,ADJ
2004,4,ise,ADP
2004,4,istisna,NOUN
2004,4,uygulamaya,NOUN
2004,4,açık,ADJ
2004,4,olduğuna,ADJ
2004,4,işaret,NOUN
2004,4,ederek,ADV
2004,4,sözlerini,NOUN
2004,4,şöyle,ADV
2004,4,sürdürdü,VERB
2004,4,:,.
2004,5,Türkiye,NOUN
2004,5,bir,DET
2004,5,Ermenistan,NOUN
2004,5,uçağına,NOUN
2004,5,iniş,NOUN
2004,5,yapması,NOUN
2004,5,ve,CONJ
2004,5,incelenmesi,NOUN
2004,5,koşuluyla,NOUN
2004,5,hava,NOUN
2004,5,sahasını,NOUN
2004,5,kullanmasına,VERB
2004,5,izin,NOUN
2004,5,verdi,VERB
2004,5,.,.
2004,6,Uçağın,NOUN
2004,6,insani,ADJ
2004,6,yardım,NOUN
2004,6,malzemesi,NOUN
2004,6,taşıdığı,VERB
2004,6,teyit,NOUN
2004,6,edildi,VERB
2004,6,ve,CONJ
2004,6,Suriye'nin,NOUN
2004,6,devam,NOUN
2004,6,etmesine,NOUN
2004,6,izin,NOUN
2004,6,verildi,VERB
2004,6,.,.
2004,7,Dolayısıyla,ADV
2004,7,bizim,PRON
2004,7,açımızdan,NOUN
2004,7,Türkler,NOUN
2004,7,bu,DET
2004,7,konularda,NOUN
2004,7,ölçülü,NOUN
2004,7,ve,CONJ
2004,7,uygun,ADJ
2004,7,bir,DET
2004,7,tutum,NOUN
2004,7,ortaya,NOUN
2004,7,koymaktalar,VERB
2004,7,.,.
2005,0,ABD'yi,NOUN
2005,0,Sandy,NOUN
2005,0,korkusu,NOUN
2005,0,sardı,VERB
2005,0,.,.
2005,1,ABD,NOUN
2005,1,Başkanı,NOUN
2005,1,Obama,NOUN
2005,1,kasırga,NOUN
2005,1,nedeniyle,ADV
2005,1,programlarını,NOUN
2005,1,iptal,NOUN
2005,1,etti,VERB
2005,1,.,.
2005,2,ABD,NOUN
2005,2,Başkanı,NOUN
2005,2,Barack,NOUN
2005,2,Obama,NOUN
2005,2,Sandy,NOUN
2005,2,kasırgası,NOUN
2005,2,nedeniyle,ADV
2005,2,yarın,NOUN
2005,2,ve,CONJ
2005,2,salı,NOUN
2005,2,günkü,NOUN
2005,2,seçim,NOUN
2005,2,turlarını,NOUN
2005,2,iptal,NOUN
2005,2,etti,VERB
2005,2,.,.
2005,3,Beyaz,NOUN
2005,3,Saray'yi,NOUN
2005,3,yapılan,ADJ
2005,3,açıklamada,NOUN
2005,3,Sandy,NOUN
2005,3,kasırgasının,NOUN
2005,3,yarın,NOUN
2005,3,öğleden,NOUN
2005,3,sonra,ADV
2005,3,ABD'nin,NOUN
2005,3,doğu,NOUN
2005,3,kıyılarını,NOUN
2005,3,vurmasının,NOUN
2005,3,beklenmesi,NOUN
2005,3,nedeniyle,NOUN
2005,3,Obama'nın,NOUN
2005,3,yarın,VERB
2005,3,sabah,NOUN
2005,3,Ohio'da,NOUN
2005,3,seçim,NOUN
2005,3,turunun,NOUN
2005,3,hemen,ADV
2005,3,ardından,ADV
2005,3,Washington'a,NOUN
2005,3,döneceği,VERB
2005,3,belirtildi,VERB
2005,3,.,.
2005,4,Açıklamada,NOUN
2005,4,Obama'nın,NOUN
2005,4,kasırga,NOUN
2005,4,nedeniyle,ADV
2005,4,gelişmeleri,NOUN
2005,4,takip,NOUN
2005,4,etmek,NOUN
2005,4,için,ADP
2005,4,yarın,NOUN
2005,4,öğleden,NOUN
2005,4,sonraki,ADJ
2005,4,Virginia,NOUN
2005,4,ve,CONJ
2005,4,Salı,NOUN
2005,4,günkü,NOUN
2005,4,Colorado,NOUN
2005,4,seçim,NOUN
2005,4,turlarını,NOUN
2005,4,iptal,NOUN
2005,4,ettiği,ADJ
2005,4,bildirildi,VERB
2005,4,.,.
2006,0,Hedef,NOUN
2006,0,direniş,NOUN
2006,0,kabiliyeti,NOUN
2006,0,İsrail'in,NOUN
2006,0,Hamas'ın,NOUN
2006,0,askeri,NOUN
2006,0,kanadının,NOUN
2006,0,lideri,NOUN
2006,0,Ahmed,NOUN
2006,0,Caberi'yi,NOUN
2006,0,hedef,NOUN
2006,0,alan,ADJ
2006,0,suikastı,NOUN
2006,0,ile,CONJ
2006,0,başlayan,ADJ
2006,0,Gazze'de,NOUN
2006,0,bir,DET
2006,0,çok,ADJ
2006,0,noktayı,NOUN
2006,0,hedef,NOUN
2006,0,alan,NOUN
2006,0,ve,CONJ
2006,0,kara,NOUN
2006,0,saldırısına,NOUN
2006,0,dönüşme,NOUN
2006,0,ihtimali,NOUN
2006,0,bulunan,ADJ
2006,0,saldırısının,NOUN
2006,0,etkileri,NOUN
2006,0,devam,NOUN
2006,0,edecek.,VERB
2006,0,.,.
2006,1,Hedeflere,NOUN
2006,1,bakılırsa,VERB
2006,1,İsrail'in,NOUN
2006,1,asıl,NOUN
2006,1,amacının,NOUN
2006,1,Hamas'ın,NOUN
2006,1,direniş,NOUN
2006,1,kapasitesini,NOUN
2006,1,bitirmek,NOUN
2006,1,olduğu,ADJ
2006,1,anlaşılıyor.,VERB
2006,2,Bu,DET
2006,2,açıdan,NOUN
2006,2,Caberi'nin,NOUN
2006,2,kaybı,NOUN
2006,2,Hamas'ın,NOUN
2006,2,sadece,ADV
2006,2,Filistin'de,NOUN
2006,2,değil,VERB
2006,2,Ürdün'de,NOUN
2006,2,Suriye'de,NOUN
2006,2,ve,CONJ
2006,2,Mısır'daki,NOUN
2006,2,hareket,NOUN
2006,2,kabiliyetini,NOUN
2006,2,de,CONJ
2006,2,azaltacak,VERB
2006,2,.,.
2006,3,Bunun,PRON
2006,3,da,CONJ
2006,3,ötesinde,ADP
2006,3,saldırıda,NOUN
2006,3,Hamas'ın,NOUN
2006,3,İsrail'e,NOUN
2006,3,ciddi,ADJ
2006,3,zarar,NOUN
2006,3,verebilecek,ADJ
2006,3,tek,ADJ
2006,3,silahı,NOUN
2006,3,olan,ADJ
2006,3,Tel,NOUN
2006,3,Aviv'i,NOUN
2006,3,de,CONJ
2006,3,hedef,NOUN
2006,3,alabilecek,ADJ
2006,3,75,ADJ
2006,3,km,NOUN
2006,3,menzilli,NOUN
2006,3,Fecr,NOUN
2006,3,füzelerinin,NOUN
2006,3,imalathanelerinin,NOUN
2006,3,yok,ADV
2006,3,edilmesi,NOUN
2006,3,.,.
2006,4,Ekim,NOUN
2006,4,sonunda,NOUN
2006,4,Sudan'daki,NOUN
2006,4,Fecr,NOUN
2006,4,füzesi,NOUN
2006,4,dahil,ADV
2006,4,silah,NOUN
2006,4,üreten,ADJ
2006,4,bir,DET
2006,4,fabrikanın,NOUN
2006,4,İsrail,NOUN
2006,4,uçakları,NOUN
2006,4,tarafından,ADV
2006,4,bombalanmasını,NOUN
2006,4,da,CONJ
2006,4,bu,DET
2006,4,saldırı,NOUN
2006,4,ile,CONJ
2006,4,birlikte,ADV
2006,4,düşünmek,NOUN
2006,4,zorundayız,VERB
2006,4,.,.
2006,5,Tüm,DET
2006,5,bunlar,PRON
2006,5,İsrail'in,NOUN
2006,5,burada,ADV
2006,5,bitmeyecek,ADJ
2006,5,geniş,ADJ
2006,5,bir,DET
2006,5,stratejinin,NOUN
2006,5,parçası,NOUN
2006,5,olarak,ADV
2006,5,hareket,NOUN
2006,5,ettiğini,ADJ
2006,5,gösteriyor,VERB
2006,5,.,.
2006,6,Siyasi,NOUN
2006,6,açıdansa,NOUN
2006,6,saldırının,NOUN
2006,6,öngörülemeyen,ADJ
2006,6,bazıları,PRON
2006,6,da,CONJ
2006,6,İsrail'in,NOUN
2006,6,hoşuna,NOUN
2006,6,gitmeyecek,ADJ
2006,6,sonuçları,NOUN
2006,6,olabilir,VERB
2006,6,.,.
2006,7,Hamas,NOUN
2006,7,saldırıdan,NOUN
2006,7,çok,ADJ
2006,7,büyük,ADJ
2006,7,zarar,NOUN
2006,7,görürse,VERB
2006,7,Gazze'deki,NOUN
2006,7,selefi,NOUN
2006,7,cihadi,NOUN
2006,7,grupların,NOUN
2006,7,etkisinin,NOUN
2006,7,artması,NOUN
2006,7,orta,ADJ
2006,7,vadede,VERB
2006,7,İsrail'e,NOUN
2006,7,ciddi,NOUN
2006,7,zarar,NOUN
2006,7,verebilir,VERB
2006,7,.,.
2006,8,Hamas,NOUN
2006,8,direnir,VERB
2006,8,ve,CONJ
2006,8,saldırıyı,NOUN
2006,8,az,ADJ
2006,8,zararla,NOUN
2006,8,atlatabilirse,VERB
2006,8,bu,DET
2006,8,sefer,NOUN
2006,8,de,CONJ
2006,8,savaşmadığı,ADJ
2006,8,eleştirisini,NOUN
2006,8,boşa,NOUN
2006,8,çıkararak,ADV
2006,8,güçlenebilir,VERB
2006,8,.,.
2006,9,Bölgesel,NOUN
2006,9,açıdansa,NOUN
2006,9,bu,DET
2006,9,saldırı,NOUN
2006,9,Suriye,NOUN
2006,9,krizinin,NOUN
2006,9,bölgeye,NOUN
2006,9,bir,DET
2006,9,başka,ADJ
2006,9,etkisidir.,VERB
2006,9,.,.
2006,10,Suriye,NOUN
2006,10,Yönetimi'nin,NOUN
2006,10,direnişe,NOUN
2006,10,karşı,ADP
2006,10,savaşma,NOUN
2006,10,talebini,NOUN
2006,10,reddettiği,ADJ
2006,10,için,ADP
2006,10,Sam'ı,NOUN
2006,10,terk,NOUN
2006,10,etmek,NOUN
2006,10,zorunda,NOUN
2006,10,kalan,VERB
2006,10,Hamas'ın,NOUN
2006,10,alışık,NOUN
2006,10,olduğu,ADJ
2006,10,güvenlik,NOUN
2006,10,çemberinin,NOUN
2006,10,zarar,NOUN
2006,10,gördüğü,ADJ
2006,10,anlaşılıyor,VERB
2006,10,Caberi'nin,NOUN
2006,10,daha,ADV
2006,10,güvenli,NOUN
2006,10,olabileceği,ADJ
2006,10,Körfez,NOUN
2006,10,yerine,NOUN
2006,10,neden,NOUN
2006,10,korunma,NOUN
2006,10,imkanı,NOUN
2006,10,olmayan,ADJ
2006,10,Gazze'ye,NOUN
2006,10,gittiği,ADJ
2006,10,ya,CONJ
2006,10,da,CONJ
2006,10,gitmek,NOUN
2006,10,zorunda,NOUN
2006,10,kaldığı,ADJ
2006,10,ise,CONJ
2006,10,önümüzdeki,ADP
2006,10,günlerin,NOUN
2006,10,önemli,ADJ
2006,10,sorulardan,NOUN
2006,10,birisi,PRON
2006,10,olacak,VERB
2006,10,.,.
2006,11,Bu,DET
2006,11,sorunun,NOUN
2006,11,cevabı,NOUN
2006,11,Filistin'in,NOUN
2006,11,geleceğinde,ADJ
2006,11,hangi,PRON
2006,11,ülkelerin,NOUN
2006,11,ne,ADJ
2006,11,kadar,ADP
2006,11,etkisinin,NOUN
2006,11,olacağını,ADJ
2006,11,da,CONJ
2006,11,gösterecek,ADJ
2006,11,mahiyette.,NOUN
2006,11,.,.
2006,12,Bu,DET
2006,12,saldırının,NOUN
2006,12,sonucunda,NOUN
2006,12,Türkiye,NOUN
2006,12,Mısır,NOUN
2006,12,ilişkileri,NOUN
2006,12,daha,ADV
2006,12,da,CONJ
2006,12,derinleşerek,ADV
2006,12,stratejik,NOUN
2006,12,bir,ADJ
2006,12,nitelik,NOUN
2006,12,kazanabilir,VERB
2006,12,.,.
2006,13,Saldırı,NOUN
2006,13,ile,CONJ
2006,13,birlikte,ADV
2006,13,Filistin,NOUN
2006,13,sorununu,NOUN
2006,13,tek,ADJ
2006,13,başına,NOUN
2006,13,çözemeyeceğini,ADJ
2006,13,son,ADJ
2006,13,derece,NOUN
2006,13,iyi,ADJ
2006,13,anlayan,ADJ
2006,13,Mısır,ADJ
2006,13,halkı,NOUN
2006,13,ve,CONJ
2006,13,daha,ADV
2006,13,da,CONJ
2006,13,önemlisi,NOUN
2006,13,Mısır'da,NOUN
2006,13,Türkiye'ye,NOUN
2006,13,mesafeli,ADV
2006,13,bakan,ADJ
2006,13,Arap,NOUN
2006,13,milliyetçileri,NOUN
2006,13,Türkiye,NOUN
2006,13,ile,CONJ
2006,13,ilişkilere,NOUN
2006,13,daha,ADV
2006,13,olumlu,NOUN
2006,13,bakabilir,VERB
2006,13,.,.
2006,14,Bu,DET
2006,14,da,CONJ
2006,14,Mısır,NOUN
2006,14,içerisindeki,NOUN
2006,14,Türkiye'ye,NOUN
2006,14,karşı,ADP
2006,14,direnci,NOUN
2006,14,kırarak,ADV
2006,14,iki,ADJ
2006,14,ülke,NOUN
2006,14,arasındaki,NOUN
2006,14,ilişkileri,NOUN
2006,14,bir,DET
2006,14,üst,ADJ
2006,14,düzeye,NOUN
2006,14,taşıma,NOUN
2006,14,potansiyeli,NOUN
2006,14,içeriyor,NOUN
2006,14,.,.
2006,15,Bu,DET
2006,15,hafta,NOUN
2006,15,sonu,NOUN
2006,15,gerçekleşecek,ADJ
2006,15,Erdoğan,NOUN
2006,15,Mursi,NOUN
2006,15,görüşmesi,NOUN
2006,15,de,CONJ
2006,15,bu,DET
2006,15,saldırının,NOUN
2006,15,ardından,ADV
2006,15,çok,ADJ
2006,15,daha,ADV
2006,15,farklı,NOUN
2006,15,bir,DET
2006,15,önem,NOUN
2006,15,taşımaya,NOUN
2006,15,başladı,VERB
2006,15,.,.
2007,0,Suriye,NOUN
2007,0,için,ADP
2007,0,Cenevre,NOUN
2007,0,önerisi,NOUN
2007,0,Kahire,NOUN
2007,0,önemli,NOUN
2007,0,bir,DET
2007,0,görüşmeye,NOUN
2007,0,evsahipliği,NOUN
2007,0,yaptı,VERB
2007,0,Rusya,NOUN
2007,0,BM,NOUN
2007,0,ve,CONJ
2007,0,Arap,NOUN
2007,0,Birliği,NOUN
2007,0,temsilcileri,NOUN
2007,0,Suriye'yi,NOUN
2007,0,görüştü,VERB
2007,0,.,.
2007,1,Rusya,NOUN
2007,1,Dışişleri,NOUN
2007,1,Bakanı,NOUN
2007,1,Sergey,NOUN
2007,1,Lavrov,NOUN
2007,1,çözüm,NOUN
2007,1,için,ADP
2007,1,Cenevre,NOUN
2007,1,Anlaşması'nın,NOUN
2007,1,devreye,NOUN
2007,1,sokulmasını,NOUN
2007,1,istedi,VERB
2007,1,.,.
2007,2,BM,NOUN
2007,2,Temsilcisi,NOUN
2007,2,Brahimi,NOUN
2007,2,Güvenlik,NOUN
2007,2,Konseyi'ne,NOUN
2007,2,karar,NOUN
2007,2,çağrısında,NOUN
2007,2,bulundu.,VERB
2007,3,Suriye'deki,NOUN
2007,3,gelişmeler,NOUN
2007,3,Mısı'deki,NOUN
2007,3,masaya,NOUN
2007,3,yatırıldı,VERB
2007,3,.,.
2007,4,Rusya,NOUN
2007,4,Dışişleri,NOUN
2007,4,Bakanı,NOUN
2007,4,Sergey,NOUN
2007,4,Lavrov,NOUN
2007,4,Birleşmiş,NOUN
2007,4,Milletler'in,NOUN
2007,4,Suriye,NOUN
2007,4,Özel,ADJ
2007,4,Temsilcisi,NOUN
2007,4,Lakdar,NOUN
2007,4,Brahimi,NOUN
2007,4,ve,CONJ
2007,4,Arap,NOUN
2007,4,Birliği,NOUN
2007,4,Genel,NOUN
2007,4,Sekreteri,NOUN
2007,4,Nebil,NOUN
2007,4,Arabi,NOUN
2007,4,Mısır'ın,NOUN
2007,4,başkenti,NOUN
2007,4,Kahire'ın,NOUN
2007,4,üçlü,ADJ
2007,4,bir,DET
2007,4,toplantı,NOUN
2007,4,gerçekleştirdi,VERB
2007,4,.,.
2007,5,Yaklaşık,ADJ
2007,5,2,NUM
2007,5,saat,NOUN
2007,5,süren,ADJ
2007,5,toplantının,NOUN
2007,5,ardından,ADV
2007,5,kameraların,NOUN
2007,5,karşısına,NOUN
2007,5,geçen,ADJ
2007,5,Lavrov,NOUN
2007,5,Suriye'de,NOUN
2007,5,çözüm,NOUN
2007,5,için,ADP
2007,5,Cenevre,NOUN
2007,5,Anlaşması'nı,NOUN
2007,5,adres,NOUN
2007,5,gösterdi,VERB
2007,5,.,.
2007,6,Lavrov,NOUN
2007,6,Cenevre'nı,NOUN
2007,6,alınan,ADJ
2007,6,kararların,NOUN
2007,6,uygulanması,NOUN
2007,6,gerektiğini,ADJ
2007,6,düşünüyoruz,VERB
2007,6,.,.
2007,7,Ancak,CONJ
2007,7,batılı,NOUN
2007,7,ülkeler,NOUN
2007,7,ve,CONJ
2007,7,bölgedeki,NOUN
2007,7,bazı,DET
2007,7,ülkeler,NOUN
2007,7,Suriye,NOUN
2007,7,hükümetiyle,NOUN
2007,7,değil,VERB
2007,7,sadece,ADV
2007,7,muhaliflerle,NOUN
2007,7,görüşüyor,VERB
2007,7,.,.
2007,8,Hatta,ADV
2007,8,onları,PRON
2007,8,zafer,NOUN
2007,8,kazanana,NOUN
2007,8,kadar,ADP
2007,8,savaşmak,NOUN
2007,8,için,ADP
2007,8,yüreklendiriyorlar,VERB
2007,8,dedi,VERB
2007,8,.,.
2007,9,Rusya'nın,NOUN
2007,9,Suriye'ye,NOUN
2007,9,yönelik,ADP
2007,9,askeri,NOUN
2007,9,bir,DET
2007,9,müdahaleye,NOUN
2007,9,karşı,ADP
2007,9,olduğunun,ADJ
2007,9,bir,DET
2007,9,kez,NOUN
2007,9,daha,ADV
2007,9,altını,NOUN
2007,9,çizen,ADJ
2007,9,Lavrov,NOUN
2007,9,Cenevre,NOUN
2007,9,Anlaşması,NOUN
2007,9,varken,ADV
2007,9,Birleşmiş,NOUN
2007,9,Milletler'in,NOUN
2007,9,bir,DET
2007,9,karar,NOUN
2007,9,almasına,NOUN
2007,9,gerek,NOUN
2007,9,olmadığını,ADJ
2007,9,da,CONJ
2007,9,belirtti,VERB
2007,9,.,.
2007,10,İBRAHİMİ'DEN,NOUN
2007,10,TAM,ADJ
2007,10,TERSİ,NOUN
2007,10,AÇIKLAMA,NOUN
2007,10,Aynı,ADJ
2007,10,basın,NOUN
2007,10,toplantısında,NOUN
2007,10,Suriye,NOUN
2007,10,Özel,NOUN
2007,10,Temsilcisi,NOUN
2007,10,Brahimi'den,NOUN
2007,10,ise,CONJ
2007,10,tam,ADJ
2007,10,tersi,NOUN
2007,10,bir,DET
2007,10,açıklama,NOUN
2007,10,geldi,VERB
2007,10,.,.
2007,11,Brahimi,NOUN
2007,11,Suriye'de,NOUN
2007,11,siyasi,ADJ
2007,11,çözüm,NOUN
2007,11,için,ADP
2007,11,Cenevre,NOUN
2007,11,Anlaşması,NOUN
2007,11,çerçevesinde,NOUN
2007,11,bir,DET
2007,11,Birleşmiş,NOUN
2007,11,Milletler,NOUN
2007,11,Güvenlik,NOUN
2007,11,Konseyi,NOUN
2007,11,kararı,NOUN
2007,11,alınması,NOUN
2007,11,gerektiğini,ADJ
2007,11,söyledi,VERB
2007,11,.,.
2007,12,Arap,NOUN
2007,12,Birliği,NOUN
2007,12,Genel,NOUN
2007,12,Sekreteri,NOUN
2007,12,ise,CONJ
2007,12,Suriye'de,NOUN
2007,12,çözüm,NOUN
2007,12,için,ADP
2007,12,önce,ADV
2007,12,akan,ADJ
2007,12,kanın,NOUN
2007,12,durması,NOUN
2007,12,gerektiğine,ADJ
2007,12,dikkat,NOUN
2007,12,çekti,VERB
2007,12,.,.
2007,13,Uluslararası,NOUN
2007,13,toplumun,NOUN
2007,13,Haziran'da,NOUN
2007,13,Cenevre'de,NOUN
2007,13,üzerinde,ADP
2007,13,anlaştığı,ADJ
2007,13,plan,NOUN
2007,13,Suriye'deki,NOUN
2007,13,çatışmaların,NOUN
2007,13,kurulacak,ADJ
2007,13,geçişin,NOUN
2007,13,hükümetiyle,NOUN
2007,13,aşılmasını,NOUN
2007,13,öngörüyor,VERB
2007,13,.,.
2008,0,Ülkede,NOUN
2008,0,Taliban'a,NOUN
2008,0,karşı,ADP
2008,0,tepki,NOUN
2008,0,büyüyor,VERB
2008,0,.,.
2008,1,Pakistan'da,NOUN
2008,1,Taliban,NOUN
2008,1,militanlarının,NOUN
2008,1,kızların,NOUN
2008,1,okuması,NOUN
2008,1,için,ADP
2008,1,kampanya,NOUN
2008,1,yürüten,ADJ
2008,1,14,ADJ
2008,1,yaşındaki,NOUN
2008,1,Malala,NOUN
2008,1,Yusufzay'ı,NOUN
2008,1,vurması,NOUN
2008,1,ülkede,NOUN
2008,1,büyük,ADJ
2008,1,tepkiye,NOUN
2008,1,neden,NOUN
2008,1,oldu,VERB
2008,1,.,.
2008,2,Taliban,NOUN
2008,2,örgütü,NOUN
2008,2,tarafından,ADV
2008,2,üstlenilen,ADJ
2008,2,saldırıyı,NOUN
2008,2,Cumhurbaşkanı,NOUN
2008,2,Başbakan,NOUN
2008,2,ve,CONJ
2008,2,insan,NOUN
2008,2,hakları,NOUN
2008,2,örgütleri,NOUN
2008,2,kınarken,ADV
2008,2,Malala'nın,NOUN
2008,2,tedavi,NOUN
2008,2,için,ADP
2008,2,gerekirse,ADV
2008,2,yurt,NOUN
2008,2,dışına,NOUN
2008,2,gönderilebileceği,ADJ
2008,2,belirtildi,VERB
2008,2,.,.
2008,3,Asıf,NOUN
2008,3,Ali,NOUN
2008,3,Zerdari,NOUN
2008,3,yaptığı,ADJ
2008,3,yazılı,NOUN
2008,3,açıklamada,NOUN
2008,3,saldırının,NOUN
2008,3,Pakistan'nın,NOUN
2008,3,aşırılık,NOUN
2008,3,yanlısı,NOUN
2008,3,militanlarla,NOUN
2008,3,mücadelesini,NOUN
2008,3,ve,CONJ
2008,3,hükümetin,NOUN
2008,3,kadınların,NOUN
2008,3,eğitime,NOUN
2008,3,katılması,NOUN
2008,3,konusundaki,NOUN
2008,3,kararlılığını,NOUN
2008,3,sarsmayacağını,VERB
2008,3,vurguladı,VERB
2008,3,.,.
2008,4,Başbakan,NOUN
2008,4,Raja,NOUN
2008,4,Pervez,NOUN
2008,4,Eşref,NOUN
2008,4,de,CONJ
2008,4,yaptığı,ADJ
2008,4,açıklamada,NOUN
2008,4,bu,DET
2008,4,zihniyete,NOUN
2008,4,karşı,ADP
2008,4,mücadele,NOUN
2008,4,etmek,NOUN
2008,4,zorunda,NOUN
2008,4,olduklarının,ADJ
2008,4,altını,NOUN
2008,4,çizerek,ADV
2008,4,14,ADJ
2008,4,yaşındaki,NOUN
2008,4,bir,DET
2008,4,kız,NOUN
2008,4,çocuğuna,NOUN
2008,4,kurşun,NOUN
2008,4,sıkan,ADJ
2008,4,bu,DET
2008,4,zihniyet,NOUN
2008,4,devam,NOUN
2008,4,ederse,ADV
2008,4,hangimizin,PRON
2008,4,kızı,NOUN
2008,4,güvende,NOUN
2008,4,olabilir,VERB
2008,4,dedi,VERB
2008,4,.,.
2008,5,Öte,NOUN
2008,5,yandan,ADP
2008,5,Taliban,NOUN
2008,5,sözcüsü,NOUN
2008,5,İhsanullah,NOUN
2008,5,İhsan,NOUN
2008,5,yerel,NOUN
2008,5,bir,DET
2008,5,muhabire,NOUN
2008,5,yaptığı,ADJ
2008,5,açıklamada,NOUN
2008,5,Malala'yı,NOUN
2008,5,defalarca,ADV
2008,5,uyardıklarını,ADJ
2008,5,buna,PRON
2008,5,rağmen,ADV
2008,5,konuşmaya,NOUN
2008,5,devam,NOUN
2008,5,ettiği,ADJ
2008,5,için,ADP
2008,5,vurduklarını,ADJ
2008,5,söyledi,VERB
2008,5,.,.
2008,6,İhsan,NOUN
2008,6,Malala'yı,NOUN
2008,6,hastaneden,NOUN
2008,6,sağ,NOUN
2008,6,çıkması,NOUN
2008,6,durumunda,NOUN
2008,6,yeniden,ADV
2008,6,vuracaklarını,ADJ
2008,6,belirtti,VERB
2008,6,.,.
2008,7,Medyaya,NOUN
2008,7,konuşan,ADJ
2008,7,yetkililer,NOUN
2008,7,halkın,NOUN
2008,7,Taliban,NOUN
2008,7,örgütünün,NOUN
2008,7,gerçek,ADJ
2008,7,yüzünü,NOUN
2008,7,görmesi,NOUN
2008,7,ve,CONJ
2008,7,hükümet,NOUN
2008,7,güçlerine,NOUN
2008,7,yardımcı,NOUN
2008,7,olunması,NOUN
2008,7,çağrısı,NOUN
2008,7,yaparken,ADV
2008,7,saldırı,NOUN
2008,7,ülke,NOUN
2008,7,gündeminin,NOUN
2008,7,en,ADV
2008,7,çok,ADJ
2008,7,tartışılan,ADJ
2008,7,konusu,NOUN
2008,7,oldu,VERB
2008,7,.,.
2008,8,Taliban,NOUN
2008,8,örgütünün,NOUN
2008,8,özellikle,ADV
2008,8,devlet,NOUN
2008,8,otoritesinin,NOUN
2008,8,sağlanamadığı,ADJ
2008,8,kuzeybatı,NOUN
2008,8,bölgesinde,NOUN
2008,8,halk,NOUN
2008,8,içinde,ADV
2008,8,korku,NOUN
2008,8,salarak,ADV
2008,8,yönetim,NOUN
2008,8,boşluğunu,NOUN
2008,8,doldurmak,NOUN
2008,8,istemesi,NOUN
2008,8,ve,CONJ
2008,8,kendisine,PRON
2008,8,direnenleri,VERB
2008,8,öldürmesi,NOUN
2008,8,güvenlik,NOUN
2008,8,güçlerinin,NOUN
2008,8,örgüte,NOUN
2008,8,yönelik,ADP
2008,8,operasyonlarının,NOUN
2008,8,haklılığını,NOUN
2008,8,gündeme,NOUN
2008,8,getirdi,NOUN
2008,8,.,.
2008,9,Pakistan,NOUN
2008,9,ordusu,NOUN
2008,9,ülkenin,NOUN
2008,9,kuzeybatısındaki,NOUN
2008,9,Afganistan,NOUN
2008,9,sınır,NOUN
2008,9,hattı,NOUN
2008,9,boyunca,ADV
2008,9,konuşlanmış,NOUN
2008,9,Taliban,NOUN
2008,9,ve,CONJ
2008,9,Elkaide,NOUN
2008,9,militanlarına,NOUN
2008,9,karşı,ADP
2008,9,2009,ADJ
2008,9,yılının,NOUN
2008,9,Kasım,NOUN
2008,9,ayından,NOUN
2008,9,beri,ADV
2008,9,operasyonlar,NOUN
2008,9,düzenliyor.,VERB
2008,9,.,.
2009,0,Rice,NOUN
2009,0,kendini,PRON
2009,0,savundu,VERB
2009,0,CIA'yi,NOUN
2009,0,eleştirdi,VERB
2009,0,BD,NOUN
2009,0,Dışişleri,NOUN
2009,0,Bakanı,NOUN
2009,0,Hillary,NOUN
2009,0,Clinton'ın,NOUN
2009,0,yerine,NOUN
2009,0,ismi,NOUN
2009,0,geçen,ADJ
2009,0,ABD'nin,NOUN
2009,0,Birleşmiş,NOUN
2009,0,Milletler,NOUN
2009,0,BM,NOUN
2009,0,Büyükelçisi,NOUN
2009,0,Susan,NOUN
2009,0,Rice,NOUN
2009,0,Bingazi'deki,NOUN
2009,0,saldırı,NOUN
2009,0,ile,CONJ
2009,0,ilgili,NOUN
2009,0,Cumhuriyetçi,NOUN
2009,0,Partililerin,NOUN
2009,0,eleştirilerine,NOUN
2009,0,5,NUM
2009,0,gün,NOUN
2009,0,aradan,NOUN
2009,0,sonra,ADV
2009,0,cevap,NOUN
2009,0,verdi,VERB
2009,0,.,.
2009,1,BM'de,NOUN
2009,1,Güvenlik,NOUN
2009,1,Konseyi,NOUN
2009,1,toplantısı,NOUN
2009,1,çıkışında,NOUN
2009,1,Rice,NOUN
2009,1,Bana,PRON
2009,1,istihbarat,NOUN
2009,1,servisi,NOUN
2009,1,tarafından,ADV
2009,1,verilen,ADJ
2009,1,bilgiye,NOUN
2009,1,samimiyetle,ADV
2009,1,inandım.,VERB
2009,2,dedi,VERB
2009,2,.,.
2009,3,Bu,DET
2009,3,yıl,VERB
2009,3,sonunda,ADV
2009,3,kurulacak,ADJ
2009,3,olan,ADJ
2009,3,yeni,ADJ
2009,3,Obama,NOUN
2009,3,hükümetinde,NOUN
2009,3,dışişleri,NOUN
2009,3,bakanı,NOUN
2009,3,olarak,ADV
2009,3,göreve,NOUN
2009,3,devam,NOUN
2009,3,etmeyeceğini,ADJ
2009,3,açıklayan,ADJ
2009,3,Hillary,NOUN
2009,3,Clinton'ın,NOUN
2009,3,yerine,ADV
2009,3,adı,NOUN
2009,3,geçen,ADJ
2009,3,Rice'ın,NOUN
2009,3,Libya'nın,NOUN
2009,3,Bingazi,NOUN
2009,3,şehrinde,NOUN
2009,3,11,NUM
2009,3,Eylül,NOUN
2009,3,günü,NOUN
2009,3,gerçekleştirilen,ADJ
2009,3,ve,CONJ
2009,3,4,NUM
2009,3,Amerikalı,NOUN
2009,3,diplomatın,NOUN
2009,3,ölümü,NOUN
2009,3,ile'ı,CONJ
2009,3,sonuçlanan,ADJ
2009,3,saldırıların,NOUN
2009,3,İslam,NOUN
2009,3,karşıtı,NOUN
2009,3,film,NOUN
2009,3,nedeniyle,ADV
2009,3,olduğunu,ADJ
2009,3,söylemişti,VERB
2009,3,.,.
2009,4,Bingazi,NOUN
2009,4,saldırısının,NOUN
2009,4,İslam,NOUN
2009,4,karşıtı,NOUN
2009,4,filme,NOUN
2009,4,tepki,NOUN
2009,4,değil,VERB
2009,4,terör,NOUN
2009,4,saldırısı,NOUN
2009,4,olduğunun,ADJ
2009,4,anlaşılması,NOUN
2009,4,üzerine,ADP
2009,4,Cumhuriyetçi,NOUN
2009,4,Senatör,NOUN
2009,4,John,NOUN
2009,4,McCain,NOUN
2009,4,başta,NOUN
2009,4,olmak,NOUN
2009,4,üzere,ADP
2009,4,bu,DET
2009,4,partinin,NOUN
2009,4,kurmayları,NOUN
2009,4,geçen,ADJ
2009,4,hafta,NOUN
2009,4,Rice'ı,NOUN
2009,4,kamuoyunu,NOUN
2009,4,yanıltmakla,NOUN
2009,4,suçlamıştı,VERB
2009,4,.,.
2009,5,McCain,NOUN
2009,5,Obama'nın,NOUN
2009,5,dışişleri,NOUN
2009,5,bakanı,NOUN
2009,5,olarak,ADV
2009,5,Rice'ı,NOUN
2009,5,ataması,NOUN
2009,5,durumunda,NOUN
2009,5,buna,PRON
2009,5,parti,NOUN
2009,5,olarak,ADV
2009,5,karşı,ADP
2009,5,çıkacaklarını,ADJ
2009,5,da,CONJ
2009,5,dile,NOUN
2009,5,getirmiş,VERB
2009,5,Büyükleçi'nin,NOUN
2009,5,Clinton'dan,NOUN
2009,5,boşalacak,ADJ
2009,5,makamı,NOUN
2009,5,dolduracak,ADJ
2009,5,nitelikte,NOUN
2009,5,olmadığını,ADj
2009,5,söylemişti,VERB
2009,5,.,.
2009,6,Bu,DET
2009,6,eleştirilere,NOUN
2009,6,cevap,NOUN
2009,6,veren,ADJ
2009,6,Rice,NOUN
2009,6,Ben,PRON
2009,6,o,DET
2009,6,zamanda,NOUN
2009,6,bana,PRON
2009,6,verilen,ADJ
2009,6,ilk,ADJ
2009,6,bilgileri,NOUN
2009,6,paylaştığımı,ADJ
2009,6,söylemiş,VERB
2009,6,bu,DET
2009,6,konuda,NOUN
2009,6,nihai,NOUN
2009,6,neticenin,NOUN
2009,6,yapılacak,ADJ
2009,6,soruşturmadan,NOUN
2009,6,sonra,ADV
2009,6,elde,NOUN
2009,6,edileceğini,ADJ
2009,6,belirtmiştim.,VERB
2009,7,diye,ADP
2009,7,yakındı,VERB
2009,7,.,.
2009,8,Başta,NOUN
2009,8,Rice,NOUN
2009,8,olmak,NOUN
2009,8,üzere,ADV
2009,8,Obama,NOUN
2009,8,hükümeti,NOUN
2009,8,ABD'nin,NOUN
2009,8,Libya,NOUN
2009,8,Büyükelçisi,NOUN
2009,8,Christopher,NOUN
2009,8,Steven,NOUN
2009,8,ile,CONJ
2009,8,3,ADJ
2009,8,Amerikalı,NOUN
2009,8,diplomatın,NOUN
2009,8,öldüğü,ADJ
2009,8,saldırıların,NOUN
2009,8,11,NUM
2009,8,Eylül,NOUN
2009,8,günü,NOUN
2009,8,internete,NOUN
2009,8,düşen,ADJ
2009,8,provokasyon,NOUN
2009,8,filmine,NOUN
2009,8,tepki,NOUN
2009,8,olarak,ADV
2009,8,değerlendirmişti,VERB
2009,8,.,.
2009,9,Ancak,CONJ
2009,9,yapılan,ADJ
2009,9,soruşturma,NOUN
2009,9,sonunda,ADV
2009,9,saldırının,NOUN
2009,9,planlı,NOUN
2009,9,bir,DET
2009,9,terör,NOUN
2009,9,olayı,NOUN
2009,9,olduğunun,ADJ
2009,9,anlaşılması,NOUN
2009,9,üzerine,ADV
2009,9,Başkan,NOUN
2009,9,Obama,NOUN
2009,9,ile,CONJ
2009,9,Rice,NOUN
2009,9,Cumhuriyetçi,NOUN
2009,9,Partililerin,NOUN
2009,9,sert,ADJ
2009,9,eleştirilerine,NOUN
2009,9,maruz,NOUN
2009,9,kalmıştı,VERB
2009,9,.,.
2009,10,BM'deki,NOUN
2009,10,eleştirilere,NOUN
2009,10,cevabında,NOUN
2009,10,ilk,ADJ
2009,10,önce,NOUN
2009,10,CIA,NOUN
2009,10,ABD,NOUN
2009,10,Merkezi,ADJ
2009,10,Haber,NOUN
2009,10,Alma,NOUN
2009,10,Teşkilatı,NOUN
2009,10,üstü,NOUN
2009,10,örtülü,NOUN
2009,10,şekilde,NOUN
2009,10,eleştiren,ADJ
2009,10,Rice,NOUN
2009,10,daha,ADV
2009,10,sonra,ADV
2009,10,istihbarat,NOUN
2009,10,birimlerinin,NOUN
2009,10,fedakarca,ADV
2009,10,çalıştığını,ADJ
2009,10,söyledi,VERB
2009,10,.,.
2009,11,Rice,NOUN
2009,11,olayı,NOUN
2009,11,gerçekleştiren,ADJ
2009,11,teröristler,NOUN
2009,11,yakalanıp,ADV
2009,11,adalete,NOUN
2009,11,teslim,NOUN
2009,11,edilinceye,ADV
2009,11,kadar,ADP
2009,11,hiçbirimize,PRON
2009,11,dinlenme,NOUN
2009,11,yok.,VERB
2009,12,dedi.,VERB
2009,13,McCain'in,NOUN
2009,13,kendisi,PRON
2009,13,hakkında,ADV
2009,13,sarf,NOUN
2009,13,ettiği,VERB
2009,13,sözlerin,NOUN
2009,13,hatırlatılması,NOUN
2009,13,üzerine,ADV
2009,13,Rice,NOUN
2009,13,bunlar,PRON
2009,13,asılsız,NOUN
2009,13,diye,ADP
2009,13,cevap,NOUN
2009,13,verdi,VERB
2009,13,.,.
2009,14,Büyükelçi,NOUN
2009,14,Rice,NOUN
2009,14,hakkında,ADV
2009,14,eleştirilerde,NOUN
2009,14,bulunan,ADJ
2009,14,McCain,NOUN
2009,14,ile,CONJ
2009,14,uygun,NOUN
2009,14,zamanda,NOUN
2009,14,ve,CONJ
2009,14,uygun,NOUN
2009,14,bir,DET
2009,14,mekanda,NOUN
2009,14,sonuna,NOUN
2009,14,kadar,ADP
2009,14,tartışabileceğini,ADJ
2009,14,söyledi,VERB
2009,14,.,.
2009,15,Beyaz,ADJ
2009,15,Saray,NOUN
2009,15,da,CONJ
2009,15,BM,NOUN
2009,15,Büyükelçisine,NOUN
2009,15,sahip,NOUN
2009,15,çıktı,VERB
2009,15,.,.
2009,16,Beyaz,ADJ
2009,16,Saray'dan,NOUN
2009,16,yapılan,ADJ
2009,16,açıklamada,NOUN
2009,16,Rice'ın,NOUN
2009,16,o,DET
2009,16,zaman,NOUN
2009,16,var,NOUN
2009,16,olan,ADJ
2009,16,en,ADV
2009,16,iyi,ADJ
2009,16,bilgileri,NOUN
2009,16,uygun,NOUN
2009,16,bir,DET
2009,16,zeminde,NOUN
2009,16,paylaştığı,ADJ
2009,16,vurgulandı,VERB
2009,16,.,.
2009,17,Obama,NOUN
2009,17,geçen,ADJ
2009,17,hafta,NOUN
2009,17,da,CONJ
2009,17,Cumhuriyetçilere,NOUN
2009,17,Bingazi,NOUN
2009,17,saldırısı,NOUN
2009,17,ile,CONJ
2009,17,ilgili,NOUN
2009,17,bir,DET
2009,17,sorunları,NOUN
2009,17,olması,NOUN
2009,17,durumunda,NOUN
2009,17,ekibinden,NOUN
2009,17,birilerini,PRON
2009,17,değil,CONJ
2009,17,kendisine,PRON
2009,17,yönelik,ADP
2009,17,eleştiri,NOUN
2009,17,yapmalarını,NOUN
2009,17,söylemişti,VERB
2009,17,.,.
2010,0,Kuranı,NOUN
2010,0,Kerim,NOUN
2010,0,yakan,ADJ
2010,0,kişi,NOUN
2010,0,gözaltına,NOUN
2010,0,alındı,VERB
2010,0,Sosyal,NOUN
2010,0,paylaşım,NOUN
2010,0,sitesi,NOUN
2010,0,Facebook'taki,NOUN
2010,0,profiline,NOUN
2010,0,Kurban'nın,NOUN
2010,0,birinci,NOUN
2010,0,günü,NOUN
2010,0,Kuranı,NOUN
2010,0,Kerim,ADJ
2010,0,yakarken,ADJ
2010,0,çektirdiği,ADJ
2010,0,fotoğrafı,NOUN
2010,0,yükleyen,ADJ
2010,0,Predrag,NOUN
2010,0,Çosoviç,NOUN
2010,0,adlı,NOUN
2010,0,Sırp,NOUN
2010,0,başkent,NOUN
2010,0,Belgrad'da,NOUN
2010,0,gözaltına,NOUN
2010,0,alındı,VERB
2010,0,.,.
2010,1,Belgrad,NOUN
2010,1,Teknoloji,NOUN
2010,1,Suçları,NOUN
2010,1,Özel,NOUN
2010,1,Yetkili,NOUN
2010,1,Savcısı,NOUN
2010,1,Branko,NOUN
2010,1,Stamenkoviç,NOUN
2010,1,AA,NOUN
2010,1,muhabirine,NOUN
2010,1,yaptığı,ADJ
2010,1,açıklamada,NOUN
2010,1,polisin,NOUN
2010,1,Predrag,NOUN
2010,1,Çosoviç,NOUN
2010,1,adlı,NOUN
2010,1,kişinin,NOUN
2010,1,Facebook,NOUN
2010,1,profiline,NOUN
2010,1,Kuranı,NOUN
2010,1,Kerim'i,NOUN
2010,1,yakarken,ADV
2010,1,çekilmiş,ADJ
2010,1,bir,DET
2010,1,fotoğrafı,NOUN
2010,1,yüklediği,ADJ
2010,1,bilgisine,NOUN
2010,1,29,ADJ
2010,1,Ekim'de,NOUN
2010,1,ulaştığını,ADJ
2010,1,belirtti,VERB
2010,1,.,.
2010,2,Stamenkoviç,NOUN
2010,2,Söz,NOUN
2010,2,konusu,NOUN
2010,2,kişi,NOUN
2010,2,dini,NOUN
2010,2,ve,CONJ
2010,2,milli,NOUN
2010,2,duyguları,NOUN
2010,2,incitme,NOUN
2010,2,suçunu,NOUN
2010,2,işlediğini,ADJ
2010,2,fotoğrafları,NOUN
2010,2,yayımlayarak,ADV
2010,2,kanıtlamıştır,VERB
2010,2,.,.
2010,3,İlgili,NOUN
2010,3,şahsın,NOUN
2010,3,30,ADJ
2010,3,Ekim'de,NOUN
2010,3,kimliği,NOUN
2010,3,belirlendi,VERB
2010,3,ve,CONJ
2010,3,kendisi,PRON
2010,3,gözaltına,NOUN
2010,3,alındı,VERB
2010,3,dedi,VERB
2010,3,.,.
2010,4,Belgrad,NOUN
2010,4,Bölge,NOUN
2010,4,Mahkemesi'nin,NOUN
2010,4,savcılığın,NOUN
2010,4,talebi,NOUN
2010,4,üzerine,ADV
2010,4,48,ADJ
2010,4,saat,NOUN
2010,4,gözaltı,NOUN
2010,4,süresi,NOUN
2010,4,verdiğini,ADJ
2010,4,ifade,NOUN
2010,4,eden,ADJ
2010,4,Stamenkoviç,NOUN
2010,4,İlgili,NOUN
2010,4,şahsın,NOUN
2010,4,işlediği,ADJ
2010,4,suç,NOUN
2010,4,geniş,ADJ
2010,4,kitlelerin,NOUN
2010,4,incinmesine,NOUN
2010,4,yol,NOUN
2010,4,açan,ADJ
2010,4,bir,DET
2010,4,suçtur.,VERB
2010,4,.,.
2010,5,Kendisiyle,PRON
2010,5,ilgili,NOUN
2010,5,soruşturma,NOUN
2010,5,ve,CONJ
2010,5,diğer,CONJ
2010,5,gerekli,NOUN
2010,5,işlemler,NOUN
2010,5,yürütülüyor,VERB
2010,5,diye,ADP
2010,5,konuştu,VERB
2010,5,.,.
2010,6,Bu,DET
2010,6,arada,NOUN
2010,6,Çosoviç'in,NOUN
2010,6,Facebook,NOUN
2010,6,profiline,NOUN
2010,6,Kuranı,NOUN
2010,6,Kerimi,NOUN
2010,6,yakarken,ADV
2010,6,yüklenen,ADJ
2010,6,fotoğrafın,NOUN
2010,6,yanı,NOUN
2010,6,sıra,NOUN
2010,6,birinci,ADJ
2010,6,ve,CONJ
2010,6,ikinci,ADJ
2010,6,dünya,NOUN
2010,6,savaşlarında,NOUN
2010,6,onbinlerce,ADJ
2010,6,insanın,NOUN
2010,6,katledilmesinden,NOUN
2010,6,sorumlu,NOUN
2010,6,radikal,NOUN
2010,6,Sırp,NOUN
2010,6,Çetnik,NOUN
2010,6,hareketinin,NOUN
2010,6,simgelerin,NOUN
2010,6,yer,NOUN
2010,6,aldığı,VERB
2010,6,giysilerle,NOUN
2010,6,çekilmiş,ADJ
2010,6,fotoğraflarının,NOUN
2010,6,da,CONJ
2010,6,bulunduğu,ADJ
2010,6,belirtildi,VERB
2010,6,.,.
2010,7,Facebook'taki,NOUN
2010,7,sayfasına,NOUN
2010,7,Kurban,NOUN
2010,7,Bayramı,NOUN
2010,7,hakkında,ADV
2010,7,yorum,NOUN
2010,7,da,CONJ
2010,7,yazan,ADJ
2010,7,Çosoviç'in,NOUN
2010,7,mesajında,NOUN
2010,7,Sırbistan'daki,NOUN
2010,7,Müslümanlara,NOUN
2010,7,Türk,NOUN
2010,7,dediği,VERB
2010,7,ve,CONJ
2010,7,gelecek,NOUN
2010,7,bayramı,NOUN
2010,7,görmeyeceklerini,ADJ
2010,7,ümit,NOUN
2010,7,ettiğine,ADJ
2010,7,yönelik,ADP
2010,7,ifadeler,NOUN
2010,7,yer,NOUN
2010,7,alıyor,VERB
2010,7,.,.
2011,0,Suriye,NOUN
2011,0,topları,NOUN
2011,0,bu,DET
2011,0,kez,NOUN
2011,0,İsrail'e,NOUN
2011,0,düştü,VERB
2011,0,Suriye,NOUN
2011,0,topraklarından,NOUN
2011,0,atılan,ADJ
2011,0,3,NUM
2011,0,havan,NOUN
2011,0,topu,NOUN
2011,0,mermisinin,NOUN
2011,0,İsrail,NOUN
2011,0,kontrolündeki,NOUN
2011,0,topraklara,NOUN
2011,0,düştüğü,ADJ
2011,0,bildirildi,VERB
2011,0,.,.
2011,1,İsrail,NOUN
2011,1,ordusu,NOUN
2011,1,Suriye'deki,NOUN
2011,1,çatışmalar,NOUN
2011,1,sırasında,ADV
2011,1,açılan,ADJ
2011,1,ateş,NOUN
2011,1,sonucu,NOUN
2011,1,3,NUM
2011,1,havan,NOUN
2011,1,topu,NOUN
2011,1,mermisinin,NOUN
2011,1,İsrail,NOUN
2011,1,işgali,NOUN
2011,1,altındaki,ADP
2011,1,Golan,NOUN
2011,1,tepelerine,NOUN
2011,1,düştüğünü,NOUN
2011,1,bildirdi,VERB
2011,1,.,.
2011,2,İsrailli,NOUN
2011,2,yetkililer,NOUN
2011,2,açık,NOUN
2011,2,arazilere,NOUN
2011,2,düşen,ADJ
2011,2,top,NOUN
2011,2,mermilerinin,NOUN
2011,2,herhangi,ADJ
2011,2,bir,DET
2011,2,zarara,NOUN
2011,2,yol,NOUN
2011,2,açmadığını,ADJ
2011,2,belirtirken,ADV
2011,2,mermilerin,NOUN
2011,2,yanlışlıkla,ADV
2011,2,İsrail,NOUN
2011,2,topraklarına,NOUN
2011,2,düştüğünü,ADJ
2011,2,kasıtlı,NOUN
2011,2,bir,DET
2011,2,eylem,NOUN
2011,2,olduğuna,ADJ
2011,2,inanmadıklarını,ADJ
2011,2,ifade,NOUN
2011,2,etti,VERB
2011,2,.,.
2011,3,Suriye'de,NOUN
2011,3,yoğunlaşan,ADJ
2011,3,çatışmaların,NOUN
2011,3,yansıması,NOUN
2011,3,olarak,ADV
2011,3,son,NOUN
2011,3,bir,DET
2011,3,hafta,NOUN
2011,3,içinde,ADV
2011,3,Golan,NOUN
2011,3,tepelerine,NOUN
2011,3,3,NUM
2011,3,havan,NOUN
2011,3,topu,NOUN
2011,3,düşmüş,VERB
2011,3,İsrail'e,NOUN
2011,3,ait,ADP
2011,3,askeri,NOUN
2011,3,bir,DET
2011,3,araca,NOUN
2011,3,da,CONJ
2011,3,kurşun,NOUN
2011,3,isabet,NOUN
2011,3,etmişti,VERB
2011,3,.,.
2011,4,Cumartesi,NOUN
2011,4,günü,NOUN
2011,4,de,CONJ
2011,4,Suriye,NOUN
2011,4,ordusuna,NOUN
2011,4,bağlı,ADP
2011,4,3,ADJ
2011,4,tank,NOUN
2011,4,Golan,NOUN
2011,4,tepelerinde,NOUN
2011,4,askerden,NOUN
2011,4,arındırılmış,ADJ
2011,4,bölgeye,NOUN
2011,4,girmişti,VERB
2011,4,.,.
1400,0,Su,NOUN
1400,0,altının,ADP
1400,0,son,ADJ
1400,0,60,NUM
1400,0,yılı,NOUN
1400,0,aydınlanıyor,VERB
1400,1,Türkiye'de,NOUN
1400,1,su,NOUN
1400,1,altının,ADP
1400,1,gizemli,ADJ
1400,1,dünyasını,NOUN
1400,1,ilk,ADJ
1400,1,kez,NOUN
1400,1,fotoğraflayan,ADJ
1400,1,sanatçıların,NOUN
1400,1,eserlerinin,NOUN
1400,1,yer,NOUN
1400,1,aldığı,VERB
1400,1,1952-2012,NUM
1400,1,Sualtına,NOUN
1400,1,Işık,NOUN
1400,1,Tutanlar,NOUN
1400,1,sergisi,NOUN
1400,1,8,NUM
1400,1,Kasım'da,NOUN
1400,1,Rezan,NOUN
1400,1,Has,NOUN
1400,1,Müzesi'nde,NOUN
1400,1,açılacak,VERB
1400,2,60,NUM
1400,2,yıllık,NOUN
1400,2,bir,DET
1400,2,hikayenin,NOUN
1400,2,anlatıldığı,ADJ
1400,2,sergide,NOUN
1400,2,Türkiye'de,NOUN
1400,2,su,NOUN
1400,2,altında,ADP
1400,2,ilk,ADJ
1400,2,kez,NOUN
1400,2,deklanşöre,NOUN
1400,2,basan,ADJ
1400,2,Rasim,NOUN
1400,2,Divanlı,NOUN
1400,2,Mustafa,NOUN
1400,2,Kapkın,NOUN
1400,2,Yalçın,NOUN
1400,2,Haraçoğlu,NOUN
1400,2,Zareh,NOUN
1400,2,Magar,NOUN
1400,2,Baskın,NOUN
1400,2,Sokulluoğlu,NOUN
1400,2,ve,CONJ
1400,2,Tosun,NOUN
1400,2,Sezen'den,NOUN
1400,2,Türkiye'nin,NOUN
1400,2,ödüllü,ADJ
1400,2,ve,CONJ
1400,2,önemli,ADJ
1400,2,su,NOUN
1400,2,altı,ADP
1400,2,fotoğraf,NOUN
1400,2,sanatçılarına,NOUN
1400,2,kadar,ADP
1400,2,oldukça,ADV
1400,2,uzun,ADJ
1400,2,bir,DET
1400,2,dönemi,NOUN
1400,2,kapsayan,ADJ
1400,2,eserler,NOUN
1400,2,yer,NOUN
1400,2,alacak,VERB
1400,3,Sanatçıların,NOUN
1400,3,kendilerinde,PRON
1400,3,iz,NOUN
1400,3,bırakan,ADJ
1400,3,en,ADV
1400,3,önemli,ADJ
1400,3,karelerine,NOUN
1400,3,yer,NOUN
1400,3,verilen,ADJ
1400,3,bu,DET
1400,3,proje,NOUN
1400,3,Türkiye'nin,NOUN
1400,3,su,NOUN
1400,3,altı,ADP
1400,3,fotoğrafçılığı,NOUN
1400,3,tarihinden,NOUN
1400,3,yola,NOUN
1400,3,çıkarak,ADV
1400,3,1950'lerden,NUM
1400,3,günümüze,NOUN
1400,3,kadar,ADP
1400,3,Türkiye,NOUN
1400,3,ve,CONJ
1400,3,dünya,NOUN
1400,3,denizlerindeki,NOUN
1400,3,su,NOUN
1400,3,altı,ADP
1400,3,yaşamını,NOUN
1400,3,gözler,NOUN
1400,3,önüne,ADJ
1400,3,seriyor,VERB
1400,4,90'a,NUM
1400,4,yakın,VERB
1400,4,fotoğraf,NOUN
1400,4,sanatçısının,NOUN
1400,4,çalışmasının,NOUN
1400,4,yer,NOUN
1400,4,alacağı,ADJ
1400,4,sergide,NOUN
1400,4,Engin,NOUN
1400,4,Aygün,NOUN
1400,4,Bengiz,NOUN
1400,4,Özdereli,NOUN
1400,4,ve,CONJ
1400,4,Saki,NOUN
1400,4,Uğurlu'nun,NOUN
1400,4,belgesel,NOUN
1400,4,çalışmaları,NOUN
1400,4,da,CONJ
1400,4,gösterilecek,VERB
1400,5,Küratörlüğünü,NOUN
1400,5,Saygun,NOUN
1400,5,Dura'nın,NOUN
1400,5,üstlendiği,ADJ
1400,5,sergi,NOUN
1400,5,28,NUM
1400,5,Şubat'a,NOUN
1400,5,kadar,ADP
1400,5,ziyaret,NOUN
1400,5,edilebilecek,VERB
2800,0,İster,CONJ
2800,0,tango,NOUN
2800,0,yap,VERB
2800,0,ister,CONJ
2800,0,göbek,NOUN
2800,0,at!,VERB
2800,0,Dünya,NOUN
2800,0,Sağlık,NOUN
2800,0,Örgütü'nün,NOUN
2800,0,rakamlarına,NOUN
2800,0,göre,ADV
2800,0,2000'de,NUM
2800,0,66,NUM
2800,0,olan,ADJ
2800,0,ortalama,ADJ
2800,0,ömür,NOUN
2800,0,2009'da,NUM
2800,0,68'e,NUM
2800,0,yükseldi.,VERB
2800,1,Ama,CONJ
2800,1,iskeletimiz,NOUN
2800,1,uzun,ADJ
2800,1,yaşam,NOUN
2800,1,süresine,NOUN
2800,1,hazır,ADJ
2800,1,değil.,VERB
2800,2,Florence,NOUN
2800,2,Nightingale,NOUN
2800,2,Hastanesi'nden,NOUN
2800,2,Ortopedi,NOUN
2800,2,ve,CONJ
2800,2,Travmatoloji,NOUN
2800,2,Uzmanı,NOUN
2800,2,Prof,NOUN
2800,2,Dr,NOUN
2800,2,Uğur,NOUN
2800,2,Işıklar,NOUN
2800,2,kemik,NOUN
2800,2,yoğunluğunda,NOUN
2800,2,azalma,NOUN
2800,2,rahatsızlığındaki,NOUN
2800,2,artışa,NOUN
2800,2,dikkat,NOUN
2800,2,çekiyor:,VERB
2800,2,Ayağı,NOUN
2800,2,halıya,NOUN
2800,2,takılan,ADJ
2800,2,kişinin,NOUN
2800,2,omuzu,NOUN
2800,2,el,NOUN
2800,2,bileği,NOUN
2800,2,kırılabiliyor.,VERB
2800,3,2030,NUM
2800,3,yılında,NOUN
2800,3,hastane,NOUN
2800,3,yataklarının,NOUN
2800,3,üçte,NOUN
2800,3,biri,NOUN
2800,3,kemik,NOUN
2800,3,erimesi,NOUN
2800,3,sebebiyle,ADV
2800,3,kırık,ADJ
2800,3,vakası,NOUN
2800,3,yaşayan,ADJ
2800,3,hastalardan,NOUN
2800,3,oluşacak.,VERB
2800,4,Kadınların,NOUN
2800,4,bu,DET
2800,4,konuda,NOUN
2800,4,dezavantajı,NOUN
2800,4,daha,ADV
2800,4,yüksek.,NOUN
2800,5,Bu,DET
2800,5,yüzden,ADV
2800,5,güneşle,NOUN
2800,5,temas,NOUN
2800,5,etmeleri,NOUN
2800,5,fazla,ADJ
2800,5,kilo,NOUN
2800,5,almamaları,NOUN
2800,5,ya,CONJ
2800,5,da,CONJ
2800,5,zayıf,ADJ
2800,5,kalmamaları,NOUN
2800,5,gerekiyor.,VERB
2800,6,Aşırı,ADV
2800,6,zayıf,ADJ
2800,6,kadınlarda,NOUN
2800,6,kemik,NOUN
2800,6,erimesi,NOUN
2800,6,daha,ADV
2800,6,yoğun,ADJ
2800,6,görülüyor.,VERB
2800,7,Kemikleri,NOUN
2800,7,güçlendirmek,NOUN
2800,7,için,ADP
2800,7,egzersiz,NOUN
2800,7,dediğimizde,ADJ
2800,7,insanlar,NOUN
2800,7,ne,PRON
2800,7,yapacağım,VERB
2800,7,diye,ADP
2800,7,düşünüyor.,VERB
2800,8,Oysa,NOUN
2800,8,egzersiz,NOUN
2800,8,bir,DET
2800,8,harekettir.,NOUN
2800,9,Egzersiz,NOUN
2800,9,yapamıyorsanız,VERB
2800,9,dans,NOUN
2800,9,edin.,VERB
2800,10,Sadece,ADV
2800,10,kadınlara,NOUN
2800,10,değil,VERB
2800,10,erkeklere,NOUN
2800,10,de,CONJ
2800,10,bol,ADJ
2800,10,bol,PRT
2800,10,dans,NOUN
2800,10,etmelerini,NOUN
2800,10,öneriyorum.,VERB
2800,11,Tango,NOUN
2800,11,yapın,VERB
2800,11,göbek,NOUN
2800,11,atın,VERB
2800,11,zıplayın.,VERB
2801,0,Akıl,NOUN
2801,0,hastaneleri,NOUN
2801,0,tarih,NOUN
2801,0,olacak.,VERB
2801,1,Sağlık,NOUN
2801,1,Bakanı,NOUN
2801,1,Recep,NOUN
2801,1,Akdağ,NOUN
2801,1,yeni,ADJ
2801,1,yılla,NOUN
2801,1,birlikte,ADP
2801,1,ağır,ADJ
2801,1,ruh,NOUN
2801,1,sağlığı,NOUN
2801,1,problemi,NOUN
2801,1,olan,ADJ
2801,1,hastaların,NOUN
2801,1,tedavi,NOUN
2801,1,edileceği,ADJ
2801,1,toplum,NOUN
2801,1,temelli,NOUN
2801,1,ruh,NOUN
2801,1,sağlığı,NOUN
2801,1,merkezlerinin,NOUN
2801,1,sayısının,NOUN
2801,1,artırılacağını,ADJ
2801,1,bildirdi.,VERB
2801,2,Sağlık,NOUN
2801,2,Bakanı,NOUN
2801,2,Akdağ,NOUN
2801,2,bakanlığının,NOUN
2801,2,2013,NUM
2801,2,yılı,NOUN
2801,2,projelerini,NOUN
2801,2,Anadolu,NOUN
2801,2,Ajansı,NOUN
2801,2,muhabirine,NOUN
2801,2,anlattı.,VERB
2801,3,Yeni,ADJ
2801,3,yılda,NOUN
2801,3,ruh,NOUN
2801,3,sağlığı,NOUN
2801,3,hizmetleriyle,NOUN
2801,3,ilgili,ADJ
2801,3,yenilikler,NOUN
2801,3,olacağını,ADJ
2801,3,açıklayan,ADJ
2801,3,Akdağ,NOUN
2801,3,Hastaların,NOUN
2801,3,depo,NOUN
2801,3,hastanelere,NOUN
2801,3,götürüldüğü,ADJ
2801,3,modelden,NOUN
2801,3,Toplum,NOUN
2801,3,Temelli,ADJ
2801,3,Ruh,NOUN
2801,3,Sağlığı,NOUN
2801,3,Modeli'ne,NOUN
2801,3,geçiyoruz,VERB
2801,3,dedi,VERB
2801,3,.,.
2801,4,Şu,DET
2801,4,anda,NOUN
2801,4,50'den,NUM
2801,4,fazla,ADJ
2801,4,toplum,NOUN
2801,4,temelli,ADJ
2801,4,ruh,NOUN
2801,4,sağlığı,NOUN
2801,4,merkezinin,NOUN
2801,4,bulunduğunu,ADJ
2801,4,bu,DET
2801,4,sayının,NOUN
2801,4,200'ün,NUM
2801,4,üzerine,ADV
2801,4,çıkarılacağını,ADJ
2801,4,belirten,ADJ
2801,4,Akdağ,PRON
2801,4,şöyle,ADV
2801,4,devam,NOUN
2801,4,etti,VERB
2801,4,:,.
2801,4,Bütün,ADJ
2801,4,şehirlerimizde,NOUN
2801,4,ruh,NOUN
2801,4,sağlığı,NOUN
2801,4,problemi,NOUN
2801,4,olan,ADJ
2801,4,hastalarımızı,NOUN
2801,4,toplum,NOUN
2801,4,içinde,ADV
2801,4,tedavi,NOUN
2801,4,edebileceğimiz,VERB
2801,4,ailesiyle,NOUN
2801,4,ya,CONJ
2801,4,da,CONJ
2801,4,toplumla,NOUN
2801,4,irtibatını,NOUN
2801,4,daha,ADV
2801,4,yakın,ADJ
2801,4,tutup,ADV
2801,4,rehabilitasyonunu,NOUN
2801,4,sağlayabileceğimiz,ADJ
2801,4,bir,DET
2801,4,modele,NOUN
2801,4,geçiyoruz.,VERB
2801,4,.,.
2801,5,Bu,DET
2801,5,hastaneleri,NOUN
2801,5,2,NUM
2801,5,3,NUM
2801,5,yıl,NOUN
2801,5,içerisinde,ADV
2801,5,dönüştürmüş,ADJ
2801,5,olacağız,VERB
2801,5,.,.
2801,6,Yani,CONJ
2801,6,yüzlerce,ADJ
2801,6,kişinin,NOUN
2801,6,bir,DET
2801,6,arada,NOUN
2801,6,toplandığı,ADJ
2801,6,hastanelerden,NOUN
2801,6,kişinin,NOUN
2801,6,daha,ADV
2801,6,çok,ADJ
2801,6,kendi,PRON
2801,6,ortamında,NOUN
2801,6,tedavi,NOUN
2801,6,gördüğü,ADJ
2801,6,bir,DET
2801,6,modele,NOUN
2801,6,geçiyoruz.,VERB
2801,7,Ambulans,NOUN
2801,7,sayısı,NOUN
2801,7,5'e,NUM
2801,7,çıkacak.,VERB
2801,7,.,.
2801,8,Yeni,ADJ
2801,8,yılda,NOUN
2801,8,ayrıca,ADV
2801,8,hava,NOUN
2801,8,ambulans,NOUN
2801,8,filosunu,NOUN
2801,8,güçlendireceklerini,ADJ
2801,8,anlatan,ADJ
2801,8,Bakan,NOUN
2801,8,Akdağ,PRON
2801,8,3,NUM
2801,8,yeni,ADJ
2801,8,ambulans,NOUN
2801,8,uçağın,NOUN
2801,8,eklenmesiyle,NOUN
2801,8,toplam,NOUN
2801,8,sayının,NOUN
2801,8,5'e,NUM
2801,8,ulaşacağını,ADJ
2801,8,belirtti.,VERB
2802,0,Akciğer,NOUN
2802,0,tomografisi,NOUN
2802,0,hayat,NOUN
2802,0,kurtarıyor.,VERB
2802,1,Başta,NOUN
2802,1,sigaranın,NOUN
2802,1,neden,NOUN
2802,1,olduğu,ADJ
2802,1,akciğer,NOUN
2802,1,kanserinde,NOUN
2802,1,erken,ADJ
2802,1,tanı,NOUN
2802,1,ile,CONJ
2802,1,hastalığın,NOUN
2802,1,ilk,ADJ
2802,1,evrede,NOUN
2802,1,teşhisi,NOUN
2802,1,ve,CONJ
2802,1,tedavisi,NOUN
2802,1,mümkün!,NOUN
2802,2,Akciğer,NOUN
2802,2,kanserinin,NOUN
2802,2,görülme,NOUN
2802,2,sıklığı,NOUN
2802,2,kadınlarda,NOUN
2802,2,da,CONJ
2802,2,giderek,ADV
2802,2,artıyor.,VERB
2802,3,Ağırlıkta,NOUN
2802,3,sigaranın,NOUN
2802,3,neden,NOUN
2802,3,olduğu,ADJ
2802,3,akciğer,NOUN
2802,3,kanserinde,NOUN
2802,3,erken,ADJ
2802,3,tanı,NOUN
2802,3,ile,CONJ
2802,3,hastalığın,NOUN
2802,3,ilk,ADJ
2802,3,evrede,NOUN
2802,3,teşhisi,NOUN
2802,3,ve,CONJ
2802,3,tedavisi,NOUN
2802,3,mümkün!,NOUN
2802,4,Erken,ADJ
2802,4,evrede,NOUN
2802,4,tümörleri,NOUN
2802,4,yakalayan,ADJ
2802,4,düşük,ADJ
2802,4,doz,NOUN
2802,4,akciğer,NOUN
2802,4,tomografisi,NOUN
2802,4,ne,ADJ
2802,4,zaman,NOUN
2802,4,ve,CONJ
2802,4,kimlere,PRON
2802,4,yapılmalı?,VERB
2802,5,Akciğer,NOUN
2802,5,kanseri,NOUN
2802,5,son,ADJ
2802,5,yıllarda,NOUN
2802,5,giderek,ADV
2802,5,artıyor.,VERB
2802,6,Geçmişte,NOUN
2802,6,60,NUM
2802,6,yaşın,NOUN
2802,6,üzerindeki,ADJ
2802,6,erkeklerde,NOUN
2802,6,görülen,ADJ
2802,6,bu,DET
2802,6,kanser,NOUN
2802,6,türü,NOUN
2802,6,günümüzde,NOUN
2802,6,kadınlar,NOUN
2802,6,arasında,NOUN
2802,6,da,CONJ
2802,6,sıklığı,NOUN
2802,6,artmakla,NOUN
2802,6,birlikte,ADV
2802,6,erkeklerde,NOUN
2802,6,görülme,NOUN
2802,6,yaşı,NOUN
2802,6,da,CONJ
2802,6,60’ın,NUM
2802,6,altına,NOUN
2802,6,indi.,VERB
2802,7,Neolife,NOUN
2802,7,Tıp,NOUN
2802,7,Merkezi’nden,NOUN
2802,7,Göğüs,NOUN
2802,7,Cerrahisi,NOUN
2802,7,Uzmanı,NOUN
2802,7,Doç,NOUN
2802,7,Dr,NOUN
2802,7,Gökhan,NOUN
2802,7,Hacıibrahimoğlu,NOUN
2802,7,hızlı,ADJ
2802,7,ilerleyen,ADJ
2802,7,kanser,NOUN
2802,7,türleri,NOUN
2802,7,arasında,NOUN
2802,7,akciğer,NOUN
2802,7,kanserinin,NOUN
2802,7,erkeklerde,NOUN
2802,7,birinci,ADJ
2802,7,kadınlarda,NOUN
2802,7,ise,CONJ
2802,7,ikinci,ADJ
2802,7,sıklıkta,NOUN
2802,7,görüldüğünü,ADJ
2802,7,belirtiyor.,VERB
2802,8,Hacıibrahimoğlu;,NOUN
2802,8,sigara,NOUN
2802,8,puro,NOUN
2802,8,pipo,NOUN
2802,8,kullanımı,NOUN
2802,8,pasif,ADJ
2802,8,içicilik;,NOUN
2802,8,sanayi,NOUN
2802,8,gelişmesine,NOUN
2802,8,bağlı,ADJ
2802,8,olarak,ADP
2802,8,kullanımı,NOUN
2802,8,artan,ADJ
2802,8,asbest,NOUN
2802,8,benzen,NOUN
2802,8,arsenik,NOUN
2802,8,gibi,ADP
2802,8,kanser,NOUN
2802,8,yapıcı,ADJ
2802,8,maddeler;,NOUN
2802,8,krom,NOUN
2802,8,nikel,NOUN
2802,8,kadmiyum,NOUN
2802,8,gibi,ADP
2802,8,metaller,NOUN
2802,8,hava,NOUN
2802,8,kirliliği,NOUN
2802,8,ultraviyole,NOUN
2802,8,ışınları,NOUN
2802,8,ve,CONJ
2802,8,geçirilmiş,ADJ
2802,8,akciğer,NOUN
2802,8,hastalıklarının,NOUN
2802,8,akciğer,NOUN
2802,8,kanserine,NOUN
2802,8,yakalanma,NOUN
2802,8,riskini,NOUN
2802,8,artırdığına,ADJ
2802,8,dikkat,NOUN
2802,8,çekiyor.,VERB
2802,9,Yapılan,VERB
2802,9,pek,ADV
2802,9,çok,ADJ
2802,9,çalışma,NOUN
2802,9,akciğer,NOUN
2802,9,kanserlerinin,NOUN
2802,9,yüzde,NOUN
2802,9,90,NUM
2802,9,sigara,NOUN
2802,9,kaynaklı,NOUN
2802,9,olduğunu,VERB
2802,9,ve,CONJ
2802,9,sigaranın,NOUN
2802,9,akciğer,NOUN
2802,9,kanser,NOUN
2802,9,riskini,NOUN
2802,9,5,NUM
2802,9,ila,CONJ
2802,9,15,NUM
2802,9,kat,NOUN
2802,9,arasında,NOUN
2802,9,artırdığını,NOUN
2802,9,gösteriyor.,VERB
2802,10,Sigaraya,NOUN
2802,10,başlama,NOUN
2802,10,yaşı,NOUN
2802,10,toplam,NOUN
2802,10,sigara,NOUN
2802,10,içme,NOUN
2802,10,süresi,NOUN
2802,10,ve,CONJ
2802,10,günde,NOUN
2802,10,içilen,ADJ
2802,10,sigara,NOUN
2802,10,sayısı,NOUN
2802,10,ile,CONJ
2802,10,bu,DET
2802,10,risk,NOUN
2802,10,artarken,ADJ
2802,10,sigaranın,NOUN
2802,10,bırakılması,NOUN
2802,10,ile,CONJ
2802,10,azalıyor.,VERB
2802,11,Bazı,ADJ
2802,11,meslekler,NOUN
2802,11,de,CONJ
2802,11,akciğer,NOUN
2802,11,kanserini,NOUN
2802,11,tetikliyor,VERB
2802,11,ve,CONJ
2802,11,yakalanma,NOUN
2802,11,riskini,NOUN
2802,11,artırıyor.,VERB
2802,12,Bu,DET
2802,12,nedenle,NOUN
2802,12,madenciler,NOUN
2802,12,tekstil,NOUN
2802,12,izolasyon,NOUN
2802,12,ve,CONJ
2802,12,tersane,NOUN
2802,12,işçileri,NOUN
2802,12,petro-kimya,NOUN
2802,12,baca,NOUN
2802,12,temizleyicileri,NOUN
2802,12,plastik,ADJ
2802,12,sanayi,NOUN
2802,12,işçileri,NOUN
2802,12,maden,ADJ
2802,12,ve,CONJ
2802,12,kaynak,NOUN
2802,12,işçileri,NOUN
2802,12,çamaşır,NOUN
2802,12,suyu,NOUN
2802,12,üreticileri,NOUN
2802,12,cam,NOUN
2802,12,seramik,NOUN
2802,12,muşamba,NOUN
2802,12,ve,CONJ
2802,12,batarya,NOUN
2802,12,işçileri,NOUN
2802,12,boya,NOUN
2802,12,çelik,NOUN
2802,12,dökümhane,NOUN
2802,12,işçilerinin,NOUN
2802,12,düzenli,ADJ
2802,12,aralıklarla,NOUN
2802,12,kontrol,NOUN
2802,12,testlerini,NOUN
2802,12,yaptırmaları,NOUN
2802,12,gerekiyor.,VERB
2802,13,Her,DET
2802,13,kanser,NOUN
2802,13,türünde,NOUN
2802,13,olduğu,ADJ
2802,13,gibi,ADP
2802,13,akciğer,NOUN
2802,13,kanserinde,NOUN
2802,13,de,CONJ
2802,13,erken,ADJ
2802,13,tanı,NOUN
2802,13,ile,CONJ
2802,13,hastalığın,NOUN
2802,13,ilk,ADJ
2802,13,evrede,NOUN
2802,13,teşhisi,NOUN
2802,13,ve,CONJ
2802,13,tam,ADJ
2802,13,tedavisi,NOUN
2802,13,mümkün.,NOUN
2802,14,Akciğer,NOUN
2802,14,kanserinin,NOUN
2802,14,teşhisinde;,NOUN
2802,14,bilgisayarlı,NOUN
2802,14,tomografi,NOUN
2802,14,manyetik,ADJ
2802,14,rezonans,NOUN
2802,14,görüntüleme,NOUN
2802,14,pozitron,NOUN
2802,14,emisyon,NOUN
2802,14,tomografisi,NOUN
2802,14,kan,NOUN
2802,14,ve,CONJ
2802,14,balgam,NOUN
2802,14,testleri,NOUN
2802,14,kullanılıyor.,VERB
2802,15,Neolife,NOUN
2802,15,Tıp,NOUN
2802,15,Merkezi’nden,NOUN
2802,15,Radyoloji,NOUN
2802,15,Uzmanı,NOUN
2802,15,Dr,NOUN
2802,15,Esra,NOUN
2802,15,Çay,NOUN
2802,15,hastalığın,NOUN
2802,15,erken,NOUN
2802,15,dönemde,NOUN
2802,15,belirti,NOUN
2802,15,vermemesi,NOUN
2802,15,nedeniyle,ADV
2802,15,özellikle,ADV
2802,15,yoğun,ADJ
2802,15,sigara,NOUN
2802,15,içenlerde,ADJ
2802,15,tümörün,NOUN
2802,15,tespitini,NOUN
2802,15,sağlayan,ADJ
2802,15,ve,CONJ
2802,15,tedavinin,NOUN
2802,15,başarısını,NOUN
2802,15,artıran,ADJ
2802,15,bilgisayarlı,NOUN
2802,15,tomografinin,NOUN
2802,15,erken,ADJ
2802,15,evre,NOUN
2802,15,teşhiste,NOUN
2802,15,önemini,NOUN
2802,15,vurguluyor,VERB
2802,15,ve,CONJ
2802,15,şöyle,ADV
2802,15,devam,NOUN
2802,15,ediyor:,VERB
2802,15,Akciğer,NOUN
2802,15,kanseri,NOUN
2802,15,taramasında,VERB
2802,15,tanısal,NOUN
2802,15,bir,DET
2802,15,yöntemin,NOUN
2802,15,yeterli,ADJ
2802,15,olabilmesi,NOUN
2802,15,için,ADP
2802,15,erken,ADJ
2802,15,evrede,NOUN
2802,15,tümörleri,NOUN
2802,15,yakalamada,NOUN
2802,15,duyarlılığı,NOUN
2802,15,ve,CONJ
2802,15,iyi,ADJ
2802,15,huylu,ADJ
2802,15,nodülleri,NOUN
2802,15,saptamada,NOUN
2802,15,seçiciliğinin,NOUN
2802,15,yüksek,ADJ
2802,15,olması,NOUN
2802,15,gerekiyor.,VERB
2802,16,Radyasyona,NOUN
2802,16,daha,ADV
2802,16,az,ADJ
2802,16,maruz,NOUN
2802,16,kalınıyor.,VERB
2802,17,Bilgisayarlı,NOUN
2802,17,tomografi,NOUN
2802,17,akciğer,NOUN
2802,17,nodüllerinin,NOUN
2802,17,tespitinde,NOUN
2802,17,akciğer,NOUN
2802,17,grafisinden,NOUN
2802,17,daha,ADV
2802,17,duyarlı,ADJ
2802,17,bir,DET
2802,17,inceleme,NOUN
2802,17,yöntemidir.,NOUN
2802,18,Akciğer,NOUN
2802,18,grafisi,NOUN
2802,18,teknik,ADJ
2802,18,özelliklerinden,NOUN
2802,18,dolayı,NOUN
2802,18,küçük,ADJ
2802,18,çaplı,NOUN
2802,18,tümörleri,NOUN
2802,18,ve,CONJ
2802,18,akciğerlerin,NOUN
2802,18,hilus,NOUN
2802,18,adı,NOUN
2802,18,verilen,ADJ
2802,18,kesimlerinde,NOUN
2802,18,yerleşim,NOUN
2802,18,gösteren,ADJ
2802,18,ve,CONJ
2802,18,orta,ADJ
2802,18,hatta,CONJ
2802,18,yakın,ADJ
2802,18,tümörleri,NOUN
2802,18,erken,ADJ
2802,18,evrede,NOUN
2802,18,saptayamıyor.,VERB
2802,19,Üstelik,ADV
2802,19,düşük,ADJ
2802,19,doz,NOUN
2802,19,bilgisayarlı,NOUN
2802,19,tomografi,NOUN
2802,19,tekniği,NOUN
2802,19,normal,ADJ
2802,19,bilgisayarlı,NOUN
2802,19,tomografiye,NOUN
2802,19,göre,ADV
2802,19,hastaya,NOUN
2802,19,daha,NOUN
2802,19,az,ADJ
2802,19,radyasyon,NOUN
2802,19,veren,ADJ
2802,19,ancak,CONJ
2802,19,teşhis,NOUN
2802,19,için,ADP
2802,19,yeterli,ADJ
2802,19,kalitede,NOUN
2802,19,görüntü,NOUN
2802,19,alınmasını,NOUN
2802,19,sağlayan,ADJ
2802,19,bir,DET
2802,19,yöntemdir.,VERB
2802,20,Amerikan,ADJ
2802,20,Akciğer,NOUN
2802,20,Derneği,NOUN
2802,20,30,NUM
2802,20,yıl,VERB
2802,20,boyunca,ADV
2802,20,günde,NOUN
2802,20,bir,DET
2802,20,paket,NOUN
2802,20,sigara,NOUN
2802,20,içmiş,ADJ
2802,20,kişiler,NOUN
2802,20,sigara,NOUN
2802,20,içen,ADJ
2802,20,ya,CONJ
2802,20,da,CONJ
2802,20,sigarayı,NOUN
2802,20,bırakmış,ADJ
2802,20,55,NUM
2802,20,-,.
2802,20,74,NUM
2802,20,yaş,NOUN
2802,20,arası,NOUN
2802,20,kişiler,NOUN
2802,20,sigarayı,NOUN
2802,20,bırakmasının,NOUN
2802,20,üzerinden,ADV
2802,20,15,NUM
2802,20,yıldan,NOUN
2802,20,daha,ADV
2802,20,az,ADJ
2802,20,zaman,NOUN
2802,20,geçmiş,ADJ
2802,20,kişilerde,NOUN
2802,20,tarama,NOUN
2802,20,amaçlı,ADJ
2802,20,olarak,ADP
2802,20,akciğer,NOUN
2802,20,grafisi,NOUN
2802,20,yerine,NOUN
2802,20,düşük,ADJ
2802,20,doz,NOUN
2802,20,akciğer,NOUN
2802,20,tomografisini,NOUN
2802,20,öneriyor.,VERB
2802,21,Yüksek,ADJ
2802,21,risk,NOUN
2802,21,taşıyanların,ADJ
2802,21,düşük,ADJ
2802,21,doz,NOUN
2802,21,akciğer,NOUN
2802,21,tomografisi,NOUN
2802,21,ile,CONJ
2802,21,taranması,NOUN
2802,21,hem,CONJ
2802,21,akciğer,NOUN
2802,21,kanserinin,NOUN
2802,21,erken,ADJ
2802,21,teşhisini,NOUN
2802,21,sağlıyor,VERB
2802,21,hem,CONJ
2802,21,de,CONJ
2802,21,radyasyon,NOUN
2802,21,ile,CONJ
2802,21,ilişkili,NOUN
2802,21,riskleri,NOUN
2802,21,minimize,NOUN
2802,21,ediyor.,VERB
